date,close,high,low,open,volume
2023-06-26,20.69646644592285,20.708941204279814,20.69646644592285,20.708941204279814,1000.0
2023-06-27,20.804584503173828,20.804584503173828,20.742209125726237,20.742209125726237,3000.0
2023-06-28,20.896068572998047,20.92517739733906,20.792108032833877,20.792108032833877,5500.0
2023-06-29,20.821218490600586,20.821218490600586,20.817060766645106,20.817060766645106,2100.0
2023-06-30,20.991708755493164,20.991708755493164,20.941808148283616,20.941808148283616,3000.0
2023-07-03,20.96675682067871,20.991707916442024,20.96675682067871,20.991707916442024,400.0
2023-07-05,20.887754440307617,20.908546233965613,20.858645611923986,20.908546233965613,2700.0
2023-07-06,20.688148498535156,20.71725732429145,20.659039672778864,20.683990774703698,3200.0
2023-07-07,20.783794403076172,20.833695026359976,20.717259709927035,20.717259709927035,4600.0
2023-07-10,20.837846755981445,20.858638542592768,20.72556920470634,20.72556920470634,5600.0
2023-07-11,20.921022415161133,20.96676372632518,20.854487724189962,20.87527951768492,6700.0
2023-07-12,21.128103256225586,21.128103256225586,21.128103256225586,21.128103256225586,0.0
2023-07-13,21.237058639526367,21.237058639526367,21.237058639526367,21.237058639526367,200.0
2023-07-14,21.082365036010742,21.10481928000499,21.082365036010742,21.10481928000499,100.0
2023-07-17,21.12894058227539,21.15804940637977,21.091514724668055,21.091514724668055,13000.0
2023-07-18,21.19131088256836,21.224579008618445,21.19131088256836,21.224579008618445,200.0
2023-07-19,21.23290252685547,21.26616907675704,21.23290252685547,21.26616907675704,100.0
2023-07-20,21.1164608001709,21.1164608001709,21.083194257888277,21.083194257888277,400.0
2023-07-21,21.178836822509766,21.178836822509766,21.178836822509766,21.178836822509766,0.0
2023-07-24,21.159706115722656,21.22956727460351,21.159706115722656,21.22956727460351,1000.0
2023-07-25,21.091510772705078,21.12477731417174,21.091510772705078,21.116460282227163,1100.0
2023-07-26,21.18299674987793,21.20794784782997,21.18299674987793,21.20794784782997,200.0
2023-07-27,20.998361587524414,21.241214803075657,20.998361587524414,21.241214803075657,4200.0
2023-07-28,21.11729621887207,21.12478043831088,21.091513891924436,21.12478043831088,9700.0
2023-07-31,21.18881607055664,21.20794540207834,21.14141073485762,21.14141073485762,14000.0
2023-08-01,21.05055809020996,21.07402011803273,21.05055809020996,21.06564059406306,600.0
2023-08-02,20.986038208007812,20.986038208007812,20.923192575271443,20.923192575271443,5400.0
2023-08-03,20.889677047729492,20.928221582472624,20.864538473820023,20.87291799845651,5600.0
2023-08-04,21.036317825317383,21.115922521949297,21.036317825317383,21.099163470212986,12200.0
2023-08-07,21.04804801940918,21.082403594656792,21.04804801940918,21.074024069116078,1500.0
2023-08-08,21.08575439453125,21.14105798270356,20.981851797338223,21.048886401237056,7300.0
2023-08-09,21.094972610473633,21.094972610473633,21.065645069464523,21.082404120964334,2000.0
2023-08-10,21.060617446899414,21.12429896219745,21.04888643115622,21.12429896219745,3500.0
2023-08-11,21.007823944091797,21.032125044168144,21.006986471126325,21.006986471126325,1800.0
2023-08-14,21.010343551635742,21.010343551635742,21.010343551635742,21.010343551635742,0.0
2023-08-15,20.98185157775879,20.99022950470632,20.977661016054014,20.977661016054014,600.0
2023-08-16,20.893863677978516,20.939950259217852,20.893863677978516,20.939950259217852,200.0
2023-08-17,20.75979995727539,20.864541633748257,20.75979995727539,20.864541633748257,300.0
2023-08-18,20.818452835083008,20.818452835083008,20.814263871689537,20.814263871689537,100.0
2023-08-21,20.793315887451172,20.831022950969274,20.793315887451172,20.822643425939585,1100.0
2023-08-22,20.80169677734375,20.82264479217694,20.80169677734375,20.805885741017953,4900.0
2023-08-23,20.987714767456055,20.987714767456055,20.923192590530917,20.931572114783933,10600.0
2023-08-24,20.86537742614746,20.906437579246656,20.864539953093708,20.898058054016065,2400.0
2023-08-25,20.958389282226562,20.958389282226562,20.923196233175428,20.923196233175428,200.0
2023-08-28,21.031288146972656,21.031288146972656,21.031288146972656,21.031288146972656,100.0
2023-08-29,21.203067779541016,21.203067779541016,21.13268008154138,21.13268008154138,2200.0
2023-08-30,21.192176818847656,21.241614908981468,21.192176818847656,21.233235382049983,2500.0
2023-08-31,21.17624855041504,21.20809010340607,21.17624855041504,21.20809010340607,5000.0
2023-09-01,21.17119598388672,21.26055353045712,21.17119598388672,21.26055353045712,1100.0
2023-09-05,21.043054580688477,21.07003034705303,21.043054580688477,21.07003034705303,100.0
2023-09-06,20.99921989440918,20.99921989440918,20.99921989440918,20.99921989440918,100.0
2023-09-07,21.070877075195312,21.083521615498313,21.058230926990444,21.083521615498313,6000.0
2023-09-08,21.0497989654541,21.125669416833013,21.0497989654541,21.125669416833013,400.0
2023-09-11,21.06244659423828,21.06244659423828,21.06244659423828,21.06244659423828,100.0
2023-09-12,21.045589447021484,21.075094450620185,21.032944904879788,21.041373527706185,1100.0
2023-09-13,21.096168518066406,21.142533981571717,21.075093745900915,21.075093745900915,3900.0
2023-09-14,21.11302947998047,21.15939494458605,21.108815168608185,21.125674021999416,4500.0
2023-09-15,21.045589447021484,21.045589447021484,21.041373527706185,21.041373527706185,100.0
2023-09-18,21.037155151367188,21.066660149264752,21.037155151367188,21.066660149264752,500.0
2023-09-19,20.986581802368164,21.003442265723216,20.986581802368164,20.99922634593331,4400.0
2023-09-20,20.978984832763672,21.032093821730633,20.978984832763672,21.032093821730633,300.0
2023-09-21,20.80954933166504,20.872775262800033,20.80954933166504,20.872775262800033,200.0
2023-09-22,20.84747886657715,20.84747886657715,20.84747886657715,20.84747886657715,100.0
2023-09-25,20.796899795532227,20.796899795532227,20.796899795532227,20.796899795532227,100.0
2023-09-26,20.708389282226562,20.708389282226562,20.662023814876285,20.662023814876285,300.0
2023-09-27,20.653587341308594,20.763177097275527,20.653587341308594,20.763177097275527,400.0
2023-09-28,20.746322631835938,20.746322631835938,20.746322631835938,20.746322631835938,0.0
2023-09-29,20.734516143798828,20.734516143798828,20.734516143798828,20.734516143798828,100.0
2023-10-02,20.563182830810547,20.569120282945015,20.563182830810547,20.569120282945015,200.0
2023-10-03,20.365550994873047,20.50126465670482,20.331621770497872,20.50126465670482,1100.0
2023-10-04,20.446125030517578,20.446125030517578,20.446125030517578,20.446125030517578,300.0
2023-10-05,20.463092803955078,20.463092803955078,20.463092803955078,20.463092803955078,0.0
2023-10-06,20.505496978759766,20.509738939064373,20.31040886842746,20.31040886842746,1500.0
2023-10-09,20.696348190307617,20.696348190307617,20.5563942158113,20.5563942158113,800.0
2023-10-10,20.653091430664062,20.68786677614154,20.653091430664062,20.68786677614154,3200.0
2023-10-11,20.632736206054688,20.662423465921353,20.632736206054688,20.662423465921353,2500.0
2023-10-12,20.53094482421875,20.57759668269586,20.48429296574164,20.57759668269586,600.0
2023-10-13,20.509740829467773,20.586079943648638,20.46732931168175,20.586079943648638,4300.0
2023-10-16,20.505496978759766,20.56063113788284,20.475809727962844,20.484292030738224,9900.0
2023-10-17,20.390995025634766,20.390995025634766,20.390995025634766,20.390995025634766,3400.0
2023-10-18,20.301931381225586,20.45036928825318,20.263761818599544,20.43340467867845,6200.0
2023-10-19,20.234073638916016,20.365546930379082,20.234073638916016,20.34858232157724,10100.0
2023-10-20,20.26630401611328,20.3400982784757,20.26630401611328,20.31465298528218,7900.0
2023-10-23,20.340103149414062,20.407959977236782,20.323138537999785,20.323138537999785,5300.0
2023-10-24,20.45036506652832,20.49277496387594,20.40795355134682,20.40795355134682,5300.0
2023-10-25,20.369787216186523,20.484295898524646,20.340099959784137,20.450368298850833,4300.0
2023-10-26,20.43340301513672,20.43340301513672,20.374028504293214,20.374028504293214,6000.0
2023-10-27,20.41813850402832,20.458852922519743,20.39947678514973,20.441888311842597,6100.0
2023-10-30,20.443580627441406,20.483447294558207,20.42492052929494,20.42492052929494,500.0
2023-10-31,20.580997467041016,20.611532476305218,20.580997467041016,20.581845212344312,4400.0
2023-11-01,20.760244369506836,20.81060639317408,20.655253071532844,20.655253071532844,12600.0
2023-11-02,21.070960998535156,21.070960998535156,20.99669843439047,20.99669843439047,9700.0
2023-11-03,21.335573196411133,21.38934935989395,21.208387604067386,21.314232053482502,12600.0
2023-11-06,21.237407684326172,21.351789889012924,21.237407684326172,21.351789889012924,10800.0
2023-11-07,21.242528915405273,21.331302723187157,21.160584989214648,21.203264015682652,13000.0
2023-11-08,21.241674423217773,21.331301349890747,21.169118129172702,21.254477804713797,10800.0
2023-11-09,21.141801834106445,21.280084530221696,21.083758431513818,21.241672760639695,6100.0
2023-11-10,21.241674423217773,21.31422908916245,21.143511366180647,21.160583626908945,32600.0
2023-11-13,21.18619155883789,21.224603333545716,21.13497640192762,21.177655428002765,2800.0
2023-11-14,21.41666030883789,21.510556111601417,21.41666030883789,21.510556111601417,3300.0
2023-11-15,21.297155380249023,21.450800820309084,21.297155380249023,21.450800820309084,8800.0
2023-11-16,21.36544418334961,21.391050944318575,21.327032413795894,21.391050944318575,2600.0
2023-11-17,21.405563354492188,21.425196616645714,21.311667550949764,21.377395590289673,7500.0
2023-11-20,21.484952926635742,21.497756310805315,21.40044635805466,21.425201629710095,12100.0
2023-11-21,21.519084930419922,21.519084930419922,21.382510141433276,21.46786979157491,4900.0
2023-11-22,21.5660343170166,21.591642702267393,21.553230938441217,21.553230938441217,1800.0
2023-11-24,21.557506561279297,21.59591834002415,21.557506561279297,21.561775441195756,9000.0
2023-11-27,21.55323600769043,21.587380529388827,21.510556983667836,21.55323600769043,5400.0
2023-11-28,21.634326934814453,21.67273870790619,21.553236137443193,21.578844528871155,23500.0
2023-11-29,21.746152877807617,21.809318303407455,21.746152877807617,21.806758928995954,12300.0
2023-11-30,21.67273712158203,21.73248840244007,21.601888709107417,21.67273712158203,6400.0
2023-12-01,21.89853858947754,21.93631431323445,21.780914405065737,21.83328752788495,3100.0
2023-12-04,21.872783660888672,21.91485312759907,21.798088659523888,21.867631829737608,10900.0
2023-12-05,21.94490623474121,21.960360093069326,21.880514885443787,21.919150350054913,3400.0
2023-12-06,21.87450408935547,22.013590446350015,21.87450408935547,22.013590446350015,3800.0
2023-12-07,21.903690338134766,21.962073388205674,21.903690338134766,21.927731669843816,3100.0
2023-12-08,21.871925354003906,21.93631669243589,21.85475367538948,21.91914665140287,3500.0
2023-12-11,21.8255672454834,21.893394245540847,21.764609901024613,21.876222562916873,16800.0
2023-12-12,21.910560607910156,21.969801752270865,21.824703853219543,21.824703853219543,5500.0
2023-12-13,22.2376708984375,22.2376708984375,21.936315003555826,21.979244196786762,9000.0
2023-12-14,22.343061447143555,22.511508777597307,22.278274899540243,22.42512506649398,9800.0
2023-12-15,22.308509826660156,22.34738241580039,22.269637237519923,22.330105343375326,12400.0
2023-12-18,22.338743209838867,22.373295706020745,22.30418906602473,22.339606569144543,2500.0
2023-12-19,22.40785026550293,22.48559544289466,22.40785026550293,22.459679834553317,8900.0
2023-12-20,22.426856994628906,22.528789427440984,22.426856994628906,22.499418730332586,1900.0
2023-12-21,22.489917755126953,22.511513275309422,22.468322234944484,22.511513275309422,1200.0
2023-12-22,22.489917755126953,22.57198139087337,22.489917755126953,22.546067425707438,16900.0
2023-12-26,22.485597610473633,22.553839251375994,22.485597610473633,22.494236147420157,7600.0
2023-12-27,22.602209091186523,22.66267718533428,22.580611931020616,22.6091192597657,6700.0
2023-12-28,22.523601531982422,22.615168690614443,22.523601531982422,22.615168690614443,1000.0
2023-12-29,22.440673828125,22.597890886029873,22.440673828125,22.520145716313888,6400.0
2024-01-02,22.416488647460938,22.42512553588303,22.288640620541397,22.36465743113469,10600.0
2024-01-03,22.317153930664062,22.381942149388752,22.252367359572215,22.261005898577697,2500.0
2024-01-04,22.231626510620117,22.364656334543696,22.231626510620117,22.364656334543696,5500.0
2024-01-05,22.23940086364746,22.299868963192303,22.23940086364746,22.252357842797885,1200.0
2024-01-08,22.321470260620117,22.407853988477935,22.243725070311335,22.243725070311335,8600.0
2024-01-09,22.391435623168945,22.407849335393514,22.373295192372673,22.407849335393514,1900.0
2024-01-10,22.45968246459961,22.511512039719282,22.45968246459961,22.479551264751187,900.0
2024-01-11,22.545202255249023,22.545202255249023,22.416490856330803,22.53656371834343,2600.0
2024-01-12,22.58925437927246,22.658361019933285,22.571977307199184,22.658361019933285,4600.0
2024-01-16,22.44672203063965,22.571976680613197,22.399210907573163,22.571976680613197,9000.0
2024-01-17,22.347381591796875,22.35429176145918,22.321465984114855,22.347381591796875,3600.0
2024-01-18,22.347381591796875,22.368977107715768,22.321465984114855,22.347381591796875,7800.0
2024-01-19,22.321470260620117,22.433767953492485,22.321470260620117,22.37329983828178,5800.0
2024-01-22,22.429447174072266,22.528787874097958,22.429447174072266,22.51151080079808,700.0
2024-01-23,22.403532028198242,22.45104315694087,22.39921358360002,22.44240462011199,11700.0
2024-01-24,22.381938934326172,22.474369476011475,22.381938934326172,22.474369476011475,7400.0
2024-01-25,22.49595832824707,22.49595832824707,22.49595832824707,22.49595832824707,200.0
2024-01-26,22.52446937561035,22.554703429996483,22.52446937561035,22.554703429996483,200.0
2024-01-29,22.559022903442383,22.580618422184276,22.532243932960043,22.580618422184276,3600.0
2024-01-30,22.559022903442383,22.559022903442383,22.537427384700486,22.546065921723738,5200.0
2024-01-31,22.503734588623047,22.62380743276896,22.503734588623047,22.62380743276896,4800.0
2024-02-01,22.63581085205078,22.670569131678587,22.63581085205078,22.670569131678587,800.0
2024-02-02,22.50113296508789,22.540235211939777,22.435962001212594,22.53154563959864,1700.0
2024-02-05,22.453336715698242,22.496782911465235,22.401200949304624,22.496782911465235,13600.0
2024-02-06,22.535015106201172,22.55673820255721,22.479403846940432,22.49243737328085,2600.0
2024-02-07,22.59236717224121,22.687950794480944,22.50547312087474,22.687950794480944,2100.0
2024-02-08,22.55760955810547,22.574988700367694,22.508080825760977,22.574988700367694,8200.0
2024-02-09,22.58802032470703,22.592364280904643,22.470713618979957,22.505470240658738,13100.0
2024-02-12,22.535886764526367,22.635814347839744,22.514163665087153,22.531542807585023,5200.0
2024-02-13,22.314308166503906,22.417711245305345,22.314308166503906,22.383823078095006,4100.0
2024-02-14,22.435951232910156,22.470709505592207,22.435951232910156,22.453330369251184,38100.0
2024-02-15,22.548919677734375,22.574986731488046,22.548049560540793,22.548049560540793,4300.0
2024-02-16,22.457679748535156,22.479404502891143,22.435956651545236,22.435956651545236,7100.0
2024-02-20,22.48809051513672,22.48809051513672,22.47505698951755,22.47505698951755,300.0
2024-02-21,22.479408264160156,22.514164893686317,22.427270833821403,22.514164893686317,5900.0
2024-02-22,22.53327751159668,22.582807897108395,22.514161451148556,22.566297216149128,6400.0
2024-02-23,22.529804229736328,22.583678577058414,22.529804229736328,22.583678577058414,3500.0
2024-02-26,22.42813491821289,22.509814881599592,22.42813491821289,22.509814881599592,6500.0
2024-02-27,22.435951232910156,22.522845257249628,22.41857209656913,22.522845257249628,3400.0
2024-02-28,22.43856430053711,22.46202597516738,22.409890209495973,22.46202597516738,1800.0
2024-02-29,22.496780395507812,22.531538674127074,22.462023774254497,22.50546996516263,12500.0
2024-03-01,22.58245277404785,22.641021719801124,22.48367072060883,22.48367072060883,5500.0
2024-03-04,22.61217498779297,22.649763689266983,22.518638412030434,22.518638412030434,22000.0
2024-03-05,22.606054306030273,22.614796212907297,22.57108667852217,22.614796212907297,53000.0
2024-03-06,22.693471908569336,22.693471908569336,22.562346629314263,22.614798074895003,43800.0
2024-03-07,22.68473243713379,22.72844030925066,22.658506713454596,22.72844030925066,7400.0
2024-03-08,22.68473243713379,22.737182217143726,22.66724862134766,22.66724862134766,3600.0
2024-03-11,22.702213287353516,22.710081504211864,22.675989232522383,22.68473113991554,4500.0
2024-03-12,22.719701766967773,22.75466940372,22.684735797564237,22.75466940372,7400.0
2024-03-13,22.641019821166992,22.74154924725444,22.623536007756595,22.728437220870752,5900.0
2024-03-14,22.555347442626953,22.649757683899228,22.531744465471906,22.649757683899228,3300.0
2024-03-15,22.614797592163086,22.614797592163086,22.579829962522343,22.579829962522343,800.0
2024-03-18,22.614797592163086,22.658505461865666,22.6060556847529,22.658505461865666,2500.0
2024-03-19,22.72406578063965,22.75466161865573,22.65850231783483,22.667244224032014,6200.0
2024-03-20,22.7808895111084,22.7808895111084,22.71532770459697,22.71969782475837,6400.0
2024-03-21,22.885793685913086,22.89453559471117,22.85082605072076,22.85082605072076,5900.0
2024-03-22,22.850820541381836,22.90327198152427,22.80711267527802,22.80711267527802,19000.0
2024-03-25,22.820228576660156,22.833342272596663,22.763408674546458,22.7721489153728,23300.0
2024-03-26,22.76340675354004,22.83334034568854,22.7502930587102,22.76340675354004,3400.0
2024-03-27,22.903278350830078,22.903278350830078,22.859568805222604,22.877052623465595,3800.0
2024-03-28,22.850820541381836,22.946979847628086,22.84207863469143,22.90327198152427,15900.0
2024-04-01,22.736482620239258,22.886006942214408,22.736482620239258,22.886006942214408,20200.0
2024-04-02,22.71009635925293,22.780460650405946,22.648527814196168,22.736483597541696,8600.0
2024-04-03,22.70393943786621,22.754075022705475,22.6881077659864,22.74351945637425,4200.0
2024-04-04,22.736482620239258,22.79805116264956,22.67491407782895,22.749675400008048,25400.0
2024-04-05,22.65732192993164,22.75407345241144,22.65732192993164,22.712733616495445,3400.0
2024-04-08,22.71009635925293,22.762869158213434,22.692504867060418,22.692504867060418,4800.0
2024-04-09,22.73208236694336,22.77166238118248,22.723286621821682,22.77166238118248,2600.0
2024-04-10,22.55177116394043,22.67490990370996,22.542975419841415,22.64852267141292,6100.0
2024-04-11,22.53418731689453,22.666120158061645,22.472617091907257,22.666120158061645,13400.0
2024-04-12,22.5165958404541,22.5429814021365,22.49460731317974,22.507800094020936,10600.0
2024-04-15,22.375864028930664,22.51659259635149,22.34068104826703,22.446228312641075,7100.0
2024-04-16,22.270313262939453,22.367064766935112,22.270313262939453,22.31429198185411,5700.0
2024-04-17,22.349475860595703,22.402248651771636,22.28790732462099,22.28790732462099,3800.0
2024-04-18,22.31517219543457,22.358270167845845,22.31429312429625,22.34947442361259,1200.0
2024-04-19,22.35387420654297,22.40049014335973,22.33100493491645,22.33628271723284,3000.0
2024-04-22,22.48668670654297,22.49900041387306,22.38202019423721,22.419840387431968,19800.0
2024-04-23,22.547380447387695,22.639733269875162,22.463823371463388,22.463823371463388,7800.0
2024-04-24,22.529787063598633,22.569367081002788,22.49900279201951,22.525390029494606,2800.0
2024-04-25,22.496360778808594,22.496360778808594,22.367066856117717,22.47261243613814,9500.0
2024-04-26,22.58695411682129,22.604545605001,22.54297539637201,22.54297539637201,15600.0
2024-04-29,22.6837100982666,22.692504166474325,22.62213987749367,22.62213987749367,27000.0
2024-04-30,22.560571670532227,22.63093596056144,22.560571670532227,22.622140214605665,5900.0
2024-05-01,22.668472290039062,22.686161710150238,22.588873273450673,22.606561006605897,2200.0
2024-05-02,22.809988021850586,22.809988021850586,22.75691975672933,22.75691975672933,11200.0
2024-05-03,22.942651748657227,22.960339480662004,22.871895759770588,22.889583491775365,11100.0
2024-05-06,22.96919059753418,23.013414157272155,22.96919059753418,23.002799828152515,8600.0
2024-05-07,22.95591926574707,23.004564327157897,22.940883427477036,23.004564327157897,8700.0
2024-05-08,22.916118621826172,22.95503500784931,22.916118621826172,22.95503500784931,7700.0
2024-05-09,22.924964904785156,22.95149903620658,22.889586062889922,22.889586062889922,3800.0
2024-05-10,22.87632179260254,22.91612214965267,22.87190028046638,22.91612214965267,76200.0
2024-05-13,22.7834529876709,22.95149911332584,22.77460827716737,22.95149911332584,80500.0
2024-05-14,22.845361709594727,22.845361709594727,22.80998455850813,22.818827581062894,8800.0
2024-05-15,22.97361183166504,22.98687805497339,22.907277341210943,22.933811474783816,8500.0
2024-05-16,22.942651748657227,22.995718318583243,22.942651748657227,22.995718318583243,1300.0
2024-05-17,22.911697387695312,22.942653029126166,22.894007967747417,22.933808319152217,6000.0
2024-05-20,22.931156158447266,22.960342184909535,22.931156158447266,22.960342184909535,3100.0
2024-05-21,22.94707679748535,22.978032441960696,22.933810574697663,22.933810574697663,5100.0
2024-05-22,22.90285301208496,22.978030517527152,22.90285301208496,22.978030517527152,5300.0
2024-05-23,22.823251724243164,22.88958451788534,22.823251724243164,22.88958451788534,600.0
2024-05-24,22.90285301208496,22.90285301208496,22.858629461569592,22.858629461569592,4000.0
2024-05-28,22.827674865722656,22.942654415375383,22.827674865722656,22.942654415375383,3500.0
2024-05-29,22.743656158447266,22.801145942151315,22.712700510365767,22.801145942151315,3500.0
2024-05-30,22.801137924194336,22.801137924194336,22.782564541876717,22.782564541876717,700.0
2024-05-31,22.916118621826172,22.916118621826172,22.85420733971385,22.863052049580737,2200.0
2024-06-03,22.96416664123535,23.135009284356276,22.943700417961704,23.135009284356276,4700.0
2024-06-04,22.97039794921875,22.992642813613056,22.97039794921875,22.992642813613056,7700.0
2024-06-05,23.032686233520508,23.054931099832043,22.992644795289944,22.992644795289944,8300.0
2024-06-06,23.014888763427734,23.046031914483397,23.01044046920883,23.046031914483397,9300.0
2024-06-07,22.943700790405273,22.95704736826717,22.911668324667048,22.911668324667048,3900.0
2024-06-10,22.983741760253906,22.983741760253906,22.939252036823646,22.939252036823646,11200.0
2024-06-11,22.983741760253906,22.983741760253906,22.939252036823646,22.957046907891254,2900.0
2024-06-12,23.094970703125,23.1350121381742,23.094970703125,23.099418997164076,1500.0
2024-06-13,23.068275451660156,23.081623727897167,23.063827157697386,23.081623727897167,600.0
2024-06-14,22.96595001220703,23.028236316951986,22.96595001220703,23.028236316951986,2100.0
2024-06-17,23.028236389160156,23.037134675176553,22.96417144532133,22.965950084219898,8500.0
2024-06-18,23.125226974487305,23.125226974487305,23.08607485467842,23.090524846361582,5800.0
2024-06-20,23.07895851135254,23.09052645392466,23.063831593490846,23.081628167113386,13400.0
2024-06-21,23.1350154876709,23.1350154876709,23.10387233336531,23.108320628048414,2400.0
2024-06-24,23.110986709594727,23.161706765316087,23.10831705432788,23.161706765316087,3400.0
2024-06-25,23.108320236206055,23.108320236206055,23.09942194981611,23.09942194981611,700.0
2024-06-26,23.062938690185547,23.090522865861747,23.062938690185547,23.090522865861747,1100.0
2024-06-27,23.072721481323242,23.081619764895343,23.072721481323242,23.072721481323242,1000.0
2024-06-28,23.00688362121582,23.126116925658476,23.00688362121582,23.126116925658476,7900.0
2024-07-01,22.98091697692871,23.034631146830694,22.98091697692871,23.034631146830694,11800.0
2024-07-02,23.05790901184082,23.07044237541903,23.025679142966332,23.025679142966332,3600.0
2024-07-03,23.12415885925293,23.12415885925293,23.106253564481307,23.106253564481307,700.0
2024-07-05,23.222633361816406,23.24053694680078,23.161756050241493,23.17787013049877,5700.0
2024-07-08,23.222633361816406,23.249489593064308,23.204728069289352,23.249489593064308,10700.0
2024-07-09,23.18682289123535,23.2673950004622,23.18682289123535,23.2673950004622,3900.0
2024-07-10,23.24770164489746,23.25038760971063,23.23158756356126,23.23158756356126,5800.0
2024-07-11,23.34796714782715,23.3748250867942,23.3390145015048,23.3748250867942,3900.0
2024-07-12,23.410633087158203,23.419585733145027,23.374824210753538,23.374824210753538,12000.0
2024-07-15,23.39989471435547,23.455400103909405,23.383780631994657,23.455400103909405,86400.0
2024-07-16,23.522541046142578,23.535970870290324,23.45539875557506,23.45539875557506,20100.0
2024-07-17,23.50911521911621,23.50911521911621,23.464351980168853,23.464351980168853,6500.0
2024-07-18,23.44644546508789,23.500159637576093,23.419587525072412,23.48225434423244,15000.0
2024-07-19,23.406158447265625,23.428539209254367,23.39272862403823,23.428539209254367,9900.0
2024-07-22,23.50911521911621,23.51806786690568,23.455401039922354,23.50911521911621,17400.0
2024-07-23,23.504636764526367,23.52701923655557,23.500161294646254,23.52433327161035,18600.0
2024-07-24,23.415109634399414,23.50910985341989,23.415109634399414,23.50910985341989,3500.0
2024-07-25,23.464351654052734,23.527020187708043,23.410637475605416,23.410637475605416,13300.0
2024-07-26,23.4777774810791,23.4777774810791,23.4777774810791,23.4777774810791,200.0
2024-07-29,23.447343826293945,23.49121060645754,23.447343826293945,23.49121060645754,6600.0
2024-07-30,23.479568481445312,23.479568481445312,23.428540273491326,23.472407047093853,6000.0
2024-07-31,23.562820434570312,23.562820434570312,23.53596420896148,23.562820434570312,4500.0
2024-08-01,23.51512908935547,23.60242225680384,23.51512908935547,23.59612278526586,9200.0
2024-08-02,23.443134307861328,23.500730700848983,23.425137044250075,23.493531795404483,6100.0
2024-08-05,23.315349578857422,23.362144187882535,23.182159508895435,23.245154232364794,9300.0
2024-08-06,23.42243766784668,23.488132402141485,23.308146029275896,23.488132402141485,25600.0
2024-08-07,23.423337936401367,23.53312897549938,23.423337936401367,23.473733710644563,27000.0
2024-08-08,23.496231079101562,23.525030135037028,23.45213477757682,23.525030135037028,16200.0
2024-08-09,23.490833282470703,23.49713275425773,23.453036451748527,23.49713275425773,1900.0
2024-08-12,23.48903465270996,23.506134201256394,23.461136744405888,23.48813521851619,8100.0
2024-08-13,23.624921798706055,23.624921798706055,23.539427499576373,23.551127008548185,22400.0
2024-08-14,23.686111450195312,23.704110427290225,23.618617860804786,23.618617860804786,5900.0
2024-08-15,23.707712173461914,23.708611607460615,23.682514289681567,23.695113231571742,6400.0
2024-08-16,23.773406982421875,23.785106490353233,23.714911159242202,23.740109043108443,8100.0
2024-08-19,23.83010482788086,23.844504355869766,23.781509639313214,23.794108582624524,5800.0
2024-08-20,23.821102142333984,23.938093785798937,23.80310488035843,23.938093785798937,38800.0
2024-08-21,23.88410186767578,23.918297528393673,23.839104415325636,23.875102377205753,20500.0
2024-08-22,23.831905364990234,23.88410172280889,23.812105799485344,23.88410172280889,9900.0
2024-08-23,24.00109100341797,24.010090493585245,23.95609526905881,23.974092532916128,9500.0
2024-08-26,23.94708824157715,24.316058639916466,23.94708824157715,24.028081911112775,10600.0
2024-08-27,24.01009178161621,24.036189102967253,23.95789542243679,24.01009178161621,31100.0
2024-08-28,23.95609474182129,23.992090985220944,23.929096271913647,23.992090985220944,11100.0
2024-08-29,23.965087890625,24.001085843555114,23.95609011886934,23.987587469444758,9000.0
2024-08-30,23.974090576171875,23.992089555037374,23.929094845485228,23.938094334917977,23200.0
2024-09-03,23.885427474975586,23.993998360727936,23.885427474975586,23.993998360727936,9200.0
2024-09-04,23.984949111938477,24.021138254428532,23.948758243772847,23.948758243772847,12800.0
2024-09-05,24.04285430908203,24.06637872036318,23.984950986302714,23.984950986302714,10900.0
2024-09-06,24.012096405029297,24.093522421096395,23.966857812018826,24.093522421096395,27900.0
2024-09-09,24.057327270507812,24.093516410211794,24.021136405128384,24.093516410211794,17900.0
2024-09-10,24.012096405029297,24.021142397955515,23.984953249223015,24.021142397955515,4200.0
2024-09-11,24.057327270507812,24.057327270507812,23.975899549079543,24.021136405128384,9800.0
2024-09-12,24.075428009033203,24.11161715671269,24.046474620078623,24.057332572355545,9200.0
2024-09-13,24.121570587158203,24.17495092061067,24.121570587158203,24.156857208515202,12500.0
2024-09-16,24.20209312438965,24.247329991361156,24.11161766477078,24.147808538888672,38200.0
2024-09-17,24.21023178100586,24.238279185174704,24.183992884778252,24.20570705980173,14500.0
2024-09-18,24.283519744873047,24.355899764092868,24.193044289429327,24.211139725653226,53200.0
2024-09-19,24.301612854003906,24.3558974318016,24.301612854003906,24.32875428006495,32100.0
2024-09-20,24.31970977783203,24.355900651598592,24.283520629741314,24.315186781449132,14000.0
2024-09-23,24.31970977783203,24.346852933156953,24.29980583266593,24.337805214715313,15700.0
2024-09-24,24.30251693725586,24.307039933009044,24.265421814512443,24.307039933009044,7900.0
2024-09-25,24.274473190307617,24.31066406449015,24.247330034670718,24.247330034670718,10300.0
2024-09-26,24.2799015045166,24.319709394220894,24.274472528402086,24.30161568329886,20300.0
2024-09-27,24.301612854003906,24.31337333331507,24.283517419512805,24.31066057124946,13200.0
2024-09-30,24.30975914001465,24.35590198889781,24.26633077938061,24.35590198889781,7000.0
2024-10-01,24.308849334716797,24.332498767225037,24.28701815510773,24.31430582838846,16900.0
2024-10-02,24.282466888427734,24.287015990218453,24.252450103499733,24.287015990218453,3000.0
2024-10-03,24.23516273498535,24.271548604073793,24.233344482515168,24.271548604073793,5300.0
2024-10-04,24.200599670410156,24.241532910412616,24.186955835400646,24.212425252737827,7300.0
2024-10-07,24.095991134643555,24.159664673355742,24.095991134643555,24.132377005321267,22400.0
2024-10-08,24.146024703979492,24.176041490616452,24.123284398653176,24.13238086777852,3100.0
2024-10-09,24.116912841796875,24.143291383182497,24.095990792956492,24.141473130658678,8700.0
2024-10-10,24.10508918762207,24.10508918762207,24.02322270818695,24.0959927193544,18700.0
2024-10-11,24.155118942260742,24.168762777201643,24.123282170749363,24.123282170749363,3500.0
2024-10-14,24.147842407226562,24.16876272275896,24.10599830621393,24.12328211640913,16600.0
2024-10-15,24.16330909729004,24.196056736275498,24.114190241273224,24.15967085628593,13700.0
2024-10-16,24.223337173461914,24.259723042579534,24.205145973876835,24.205145973876835,6300.0
2024-10-17,24.155118942260742,24.194232194410745,24.127829537405024,24.194232194410745,14400.0
2024-10-18,24.219701766967773,24.24153294399759,24.114185857135258,24.114185857135258,6100.0
2024-10-21,24.139652252197266,24.16875990626807,24.114182838013598,24.141472239627692,20200.0
2024-10-22,24.086894989013672,24.168761464159264,24.06870205343158,24.168761464159264,18000.0
2024-10-23,23.995935440063477,24.050514254529386,23.995935440063477,24.050514254529386,4600.0
2024-10-24,24.07779884338379,24.11418471503482,24.04141470670661,24.058696781259155,6900.0
2024-10-25,24.032318115234375,24.08234782101039,24.032318115234375,24.077798719590476,4600.0
2024-10-28,24.095991134643555,24.132377005321267,24.050510531270223,24.050510531270223,11000.0
2024-10-29,24.095991134643555,24.16876114102517,24.05960699893965,24.16876114102517,11900.0
2024-10-30,24.05779457092285,24.150575794346896,24.05779457092285,24.150575794346896,1100.0
2024-10-31,23.992300033569336,24.232441293669506,23.992300033569336,24.232441293669506,5400.0
2024-11-01,23.96759605407715,24.07554586628579,23.96759605407715,24.07554586628579,7700.0
2024-11-04,24.024316787719727,24.059994703079994,24.024316787719727,24.059994703079994,9900.0
2024-11-05,24.130435943603516,24.1331789219513,24.05999270004224,24.087438187594575,13500.0
2024-11-06,24.183496475219727,24.183496475219727,24.12586251771933,24.136841411470236,6900.0
2024-11-07,24.29327392578125,24.70037237650681,24.188068845417114,24.70037237650681,5900.0
2024-11-08,24.352741241455078,24.361887993125652,24.29053216275242,24.29053216275242,6600.0
2024-11-11,24.314321517944336,24.334448912210167,24.30700341724638,24.3134071915815,3700.0
2024-11-12,24.22466278076172,24.288700508525583,24.156966003539523,24.288700508525583,7500.0
2024-11-13,24.261259078979492,24.279556072913387,24.2246650911117,24.268577178594096,8600.0
2024-11-14,24.15147590637207,24.27040460749917,24.15147590637207,24.27040460749917,1600.0
2024-11-15,24.15056037902832,24.151474705098494,24.09658547763768,24.1194558436716,4400.0
2024-11-18,24.15147590637207,24.189898541995458,24.114883667877155,24.178921393916134,21600.0
2024-11-19,24.247533798217773,24.252108918836182,24.18715511829451,24.188071189356545,10900.0
2024-11-20,24.220090866088867,24.237471788288648,24.19722049692186,24.237471788288648,3700.0
2024-11-21,24.22466278076172,24.29236130288113,24.22466278076172,24.25210826904504,8300.0
2024-11-22,24.197221755981445,24.270407988062363,24.197221755981445,24.270407988062363,10000.0
2024-11-25,24.306995391845703,24.343589373048577,24.306995391845703,24.306995391845703,5600.0
2024-11-26,24.31248664855957,24.31248664855957,24.242959475014064,24.28870021002691,9700.0
2024-11-27,24.357315063476562,24.357315063476562,24.310658253594895,24.311574324696576,4700.0
2024-11-29,24.407629013061523,24.499112228359845,24.37926919887007,24.499112228359845,2300.0
2024-12-02,24.400266647338867,24.42786763532166,24.391065733046283,24.42786763532166,4300.0
2024-12-03,24.427873611450195,24.5382828550772,24.40027261671499,24.5382828550772,14200.0
2024-12-04,24.452713012695312,24.55668177790987,24.40947064045037,24.55668177790987,4400.0
2024-12-05,24.441675186157227,24.492279348296147,24.43155470470851,24.492279348296147,2200.0
2024-12-06,24.485836029052734,24.529078400184645,24.483075578998335,24.529078400184645,4000.0
2024-12-09,24.437068939208984,24.483073511405355,24.409467950786155,24.472953031990652,72600.0
2024-12-10,24.434307098388672,24.455469375883773,24.41866747511673,24.437067548052806,2800.0
2024-12-11,24.441675186157227,24.466515729751222,24.400271940306776,24.45547568314226,5300.0
2024-12-12,24.38646697998047,24.46467388229887,24.38646697998047,24.391068315061336,8100.0
2024-12-13,24.280656814575195,24.519875324434924,24.280656814575195,24.519875324434924,3400.0
2024-12-16,24.354263305664062,24.391066964692836,24.234654923610655,24.234654923610655,6600.0
2024-12-17,24.303661346435547,24.335863671220658,24.299060011526198,24.335863671220658,3000.0
2024-12-18,24.000259399414062,24.272212359817214,24.000259399414062,24.272212359817214,18200.0
2024-12-19,23.999332427978516,24.11495842870249,23.999332427978516,24.11495842870249,13400.0
2024-12-20,24.133459091186523,24.20745966131939,24.06593354888637,24.20745966131939,15500.0
2024-12-23,24.06871223449707,24.133462522029216,24.064086205780196,24.133462522029216,31700.0
2024-12-24,24.151960372924805,24.151960372924805,24.077959800652906,24.077959800652906,53000.0
2024-12-26,24.244457244873047,24.244457244873047,24.114032198119354,24.114032198119354,7500.0
2024-12-27,24.119586944580078,24.162136879685786,24.09091156641227,24.161212379706708,13300.0
2024-12-30,24.087209701538086,24.24445937128835,24.076108645505542,24.24445937128835,9100.0
2024-12-31,24.08258628845215,24.1519626032505,24.059461438290356,24.1519626032505,13500.0
2025-01-02,24.142709732055664,24.179709135500666,24.133459440116216,24.161210315934557,3000.0
2025-01-03,24.249086380004883,24.281461520887703,24.188960362231274,24.188960362231274,30400.0
2025-01-06,24.23983383178711,24.272208969656884,24.225959276789403,24.272208969656884,10000.0
2025-01-07,24.17878532409668,24.23706057709309,24.13346012732169,24.23706057709309,29200.0
2025-01-08,24.151960372924805,24.17970948483126,24.10570891255936,24.17970948483126,36800.0
2025-01-10,24.064085006713867,24.309213351416595,24.064085006713867,24.309213351416595,9500.0
2025-01-13,24.052059173583984,24.17508470332757,23.985458130671457,24.17508470332757,6900.0
2025-01-14,24.095535278320312,24.114960363313298,24.071485929225005,24.087211250073548,6400.0
2025-01-15,24.29440689086914,24.318457999064286,24.212080540326166,24.212080540326166,10300.0
2025-01-16,24.348989486694336,24.42021480371526,24.299038256189096,24.299964520529844,11500.0
2025-01-17,24.41096305847168,24.447964229135824,24.37396365212046,24.392464237452533,33100.0
2025-01-21,24.49884033203125,24.521965181894213,24.475713717855335,24.48496401066311,31700.0
2025-01-22,24.42113494873047,24.484960725521564,24.42113494873047,24.484960725521564,12000.0
2025-01-23,24.494213104248047,24.502538896661306,24.438713114431593,24.44796340678648,20200.0
2025-01-24,24.576539993286133,24.609839635020844,24.48496333204633,24.48496333204633,70300.0
2025-01-27,24.494213104248047,24.558963386419386,24.494213104248047,24.51271368895782,62500.0
2025-01-28,24.517335891723633,24.521961919668584,24.47571046178267,24.47571046178267,1200.0
2025-01-29,24.4757137298584,24.53861501525694,24.4757137298584,24.494214315483024,6900.0
2025-01-30,24.55341148376465,24.568210538190396,24.537686165202814,24.54508569241569,4200.0
2025-01-31,24.49236297607422,24.57746283891829,24.489587712064314,24.575613839120212,2300.0
2025-02-03,24.460737228393555,24.483992946130954,24.442131944484625,24.442131944484625,20800.0
2025-02-04,24.54910659790039,24.558409238692413,24.456083738574783,24.47468724586152,34700.0
2025-02-05,24.632829666137695,24.651434948534,24.565853488386818,24.604923516840625,8800.0
2025-02-06,24.582597732543945,24.70538975848135,24.577015792920225,24.70538975848135,7100.0
2025-02-07,24.511898040771484,24.614223541856525,24.511898040771484,24.614223541856525,7900.0
2025-02-10,24.54910659790039,24.65143387231533,24.535153523861013,24.65143387231533,11100.0
2025-02-11,24.52585220336914,24.549107919452467,24.502596487285814,24.52120176987144,9500.0
2025-02-12,24.483993530273438,24.51190145680266,24.465388245920618,24.47469088809703,8700.0
2025-02-13,24.58538818359375,24.595620556489724,24.516548994480157,24.52120120216756,12300.0
2025-02-14,24.60771369934082,24.651435937296085,24.60771369934082,24.632830654153526,7300.0
2025-02-18,24.55097007751465,24.60492468931602,24.547249375717566,24.558411481108813,5600.0
2025-02-19,24.588180541992188,24.604926362664127,24.544460075031257,24.567715793567718,27800.0
2025-02-20,24.595617294311523,24.63282607938883,24.595617294311523,24.604919934155134,27800.0
2025-02-21,24.522130966186523,24.632829378847912,24.522130966186523,24.612364633029088,24200.0
2025-02-24,24.604921340942383,24.623524847396126,24.530501992235713,24.57701341981592,25100.0
2025-02-25,24.642133712768555,24.642133712768555,24.59562227842246,24.614225787582406,17100.0
2025-02-26,24.688648223876953,24.697949091798854,24.642135012779537,24.642135012779537,14100.0
2025-02-27,24.60027313232422,24.67934470122015,24.60027313232422,24.66073941744493,2200.0
2025-02-28,24.660734176635742,24.679339456457036,24.628175824097045,24.628175824097045,6700.0
2025-03-03,24.617708206176758,24.693471682946782,24.617708206176758,24.693471682946782,7500.0
2025-03-04,24.623321533203125,24.656058949023247,24.543815106171856,24.562522710656314,54400.0
2025-03-05,24.65606117248535,24.674766994601327,24.562524925683398,24.62799976322811,56000.0
2025-03-06,24.562530517578125,24.61865156481358,24.53821026720734,24.60929775959835,23200.0
2025-03-07,24.599939346313477,24.628000756702694,24.56159107138715,24.618646953239622,6100.0
2025-03-10,24.49704933166504,24.712181443827344,24.49704933166504,24.712181443827344,11100.0
2025-03-11,24.394161224365234,24.599939550090646,24.394161224365234,24.599939550090646,26200.0
2025-03-12,24.42222023010254,24.45027985390554,24.38948281296209,24.398834831526134,9500.0
2025-03-13,24.236085891723633,24.422223556308154,24.236085891723633,24.422223556308154,23100.0
2025-03-14,24.393226623535156,24.40351527231613,24.366100057779178,24.366100057779178,5100.0
2025-03-17,24.450281143188477,24.459634946301186,24.366098699229614,24.366098699229614,4100.0
2025-03-18,24.394161224365234,24.422222634986902,24.394161224365234,24.41754484118882,16200.0
2025-03-19,24.58123207092285,24.62799930141912,24.41754319607495,24.45028061423343,3800.0
2025-03-20,24.52511215209961,24.599940800170973,24.506406328123543,24.581234976194906,33600.0
2025-03-21,24.50640296936035,24.54381639624043,24.450280152957056,24.487695363892584,29100.0
2025-03-24,24.607423782348633,24.628001079803997,24.571880042344887,24.59058764951646,11500.0
2025-03-25,24.58029556274414,24.627999422605015,24.58029556274414,24.627999422605015,3100.0
2025-03-26,24.477407455444336,24.590586152670802,24.431575069502756,24.590586152670802,14200.0
2025-03-27,24.442800521850586,24.468990458773543,24.413804265392216,24.468990458773543,2500.0
2025-03-28,24.36609649658203,24.417541517023643,24.32868307156882,24.417541517023643,5900.0
2025-03-31,24.40444564819336,24.40444564819336,24.300620766139435,24.366095595532848,12800.0
2025-04-01,24.447721481323242,24.47688315410635,24.373406134925432,24.47688315410635,2300.0
2025-04-02,24.488168716430664,24.495695524253158,24.392218513350013,24.4110328415566,12900.0
2025-04-03,24.194673538208008,24.335779216503607,24.15704667310022,24.279336227492074,5500.0
2025-04-04,24.458070755004883,24.458070755004883,23.80899068258287,23.822160355573942,12400.0
2025-04-07,23.672588348388672,23.733732225889703,23.423302976349206,23.733732225889703,22900.0
2025-04-08,23.4703426361084,23.88895165378835,23.42330680622481,23.79017910238299,19700.0
2025-04-09,24.082731246948242,24.42514451003569,22.974593069990977,22.974593069990977,71400.0
2025-04-10,23.735618591308594,24.015946040964508,22.388542188768138,24.015946040964508,4500.0
2025-04-11,23.84661865234375,23.942568867887037,23.522077728442447,23.64907176898209,17100.0
2025-04-14,23.95949935913086,24.03475488219484,23.91246533005332,23.91246533005332,6400.0
2025-04-15,24.026290893554688,24.05357041647824,23.96890772451095,23.987722054777745,3200.0
2025-04-16,24.01405906677246,24.081789572613722,23.96890539621162,24.034753751515716,6900.0
2025-04-17,24.153284072875977,24.175860909546884,24.110010755954022,24.110010755954022,2200.0
2025-04-21,23.97361183166504,24.08179153766816,23.921873321351967,24.08179153766816,6800.0
2025-04-22,24.09684181213379,24.110011484403618,23.99712909187172,23.99712909187172,1000.0
2025-04-23,24.238887786865234,24.36399967401952,24.238887786865234,24.36399967401952,2500.0
2025-04-24,24.430789947509766,24.430789947509766,24.30755841714694,24.335779912459788,3500.0
2025-04-25,24.498517990112305,24.542731485460227,24.444899124152673,24.448661631244004,3500.0
2025-04-28,24.46088981628418,24.589764199875233,24.429845994533412,24.589764199875233,3700.0
2025-04-29,24.54084587097168,24.54084587097168,24.458065343946775,24.47687967098111,10200.0
2025-04-30,24.439254760742188,24.439254760742188,24.373406400267736,24.373406400267736,4100.0
2025-05-01,24.457233428955078,24.471429220486975,24.433576182978143,24.466696688332284,7100.0
2025-05-02,24.52442169189453,24.528206634606946,24.466696351966814,24.47142888405644,5500.0
2025-05-05,24.5092830657959,24.566060823179583,24.46196856879822,24.490356545023882,6700.0
2025-05-06,24.494138717651367,24.53766826334985,24.461963999335605,24.499815228876717,7000.0
2025-05-07,24.504549026489258,24.60391053971594,24.452502003866105,24.60391053971594,4700.0
2025-05-08,24.5092830657959,24.54713610733993,24.5092830657959,24.518746326181905,3300.0
2025-05-09,24.495088577270508,24.495088577270508,24.495088577270508,24.495088577270508,100.0
2025-05-12,24.7458553314209,24.774245108185827,24.651224547136557,24.774245108185827,10600.0
2025-05-13,24.822507858276367,24.849950046438565,24.791278922497472,24.812097009728646,10100.0
2025-05-14,24.755321502685547,24.849952298102743,24.73639498261565,24.821562517997894,30500.0
2025-05-15,24.786550521850586,24.79317462340335,24.745858323074824,24.755321583140528,7300.0
2025-05-16,24.788440704345703,24.79317323657999,24.783709977043618,24.783709977043618,7500.0
2025-05-19,24.802635192871094,24.83102497205445,24.774247218619973,24.793173738075545,8400.0
2025-05-20,24.790332794189453,24.802633406510633,24.755318916211678,24.76478217525789,8900.0
2025-05-21,24.622838973999023,24.764784261787447,24.622838973999023,24.745857742100387,14200.0
2025-05-22,24.672046661376953,24.672046661376953,24.60391227396233,24.622838793510656,25500.0
2025-05-23,24.651226043701172,24.660689303197326,24.594448291656448,24.594448291656448,5700.0
2025-05-27,24.79317283630371,24.82156080952231,24.679615528632805,24.81209755013872,15900.0
2025-05-28,24.787494659423828,24.79317297607243,24.73734100884702,24.79317297607243,4300.0
2025-05-29,24.84994888305664,24.867927811199653,24.821559106853307,24.826291638686552,7600.0
2025-05-30,24.84048843383789,24.84048843383789,24.802635394618846,24.82156191422837,6800.0
2025-06-02,24.850006103515625,24.869993382539406,24.812887130382176,24.841441164148303,13000.0
2025-06-03,24.898548126220703,24.93662017232773,24.84144187243524,24.84144187243524,8200.0
2025-06-04,24.929000854492188,24.993722596808038,24.927098341703367,24.993722596808038,2600.0
2025-06-05,24.889026641845703,24.94613288766294,24.889026641845703,24.908062662243058,4700.0
2025-06-06,24.880462646484375,24.93661763802266,24.880462646484375,24.93661763802266,9300.0
2025-06-09,24.94327735900879,24.965167147084358,24.909012161635562,24.936614933877145,2500.0
2025-06-10,24.975637435913086,24.975637435913086,24.91567560727237,24.933760370727374,1000.0
2025-06-11,25.012758255004883,25.041310469422413,24.97468621528181,25.031792459491648,9300.0
2025-06-12,25.012758255004883,25.079382509145486,24.97468621528181,25.079382509145486,1300.0
2025-06-13,24.944231033325195,25.060347856214587,24.9366173511152,25.060347856214587,6500.0
2025-06-16,25.02798843383789,25.050831297166233,24.955653002527306,24.955653002527306,7200.0
2025-06-17,25.022275924682617,25.050828138711896,24.98420388547725,25.041310128910553,19300.0
2025-06-18,25.050827026367188,25.098417073260734,25.023226069931198,25.031791007609772,27600.0
2025-06-20,25.098417282104492,25.126969495103534,25.06034524427286,25.06034524427286,43900.0
2025-06-23,25.151721954345703,25.15552879585181,25.107938738587816,25.14601078439901,6400.0
2025-06-24,25.1793212890625,25.19359739763128,25.04131285498116,25.04131285498116,7400.0
2025-06-25,25.222152709960938,25.24118873260186,25.14315484983864,25.150768532744994,8000.0
2025-06-26,25.29829216003418,25.307810170291745,25.231667903606063,25.231667903606063,7400.0
2025-06-27,25.288776397705078,25.31733043101595,25.288776397705078,25.31733043101595,700.0
2025-06-30,25.355398178100586,25.355398178100586,25.31923046559715,25.345880167928648,39700.0
2025-07-01,25.321903228759766,25.37262886217926,25.321903228759766,25.37262886217926,14800.0
2025-07-02,25.386028289794922,25.621474311496463,25.310417211889465,25.621474311496463,9800.0
2025-07-03,25.38315773010254,25.39177234393642,25.372629974650113,25.39177234393642,3300.0
2025-07-07,25.300846099853516,25.640616753253596,25.28936177400158,25.5257643671505,24500.0
2025-07-08,25.25299072265625,25.34391423063385,25.248204217989894,25.304672924642997,54700.0
2025-07-09,25.31519889831543,25.31519889831543,25.248200621147532,25.248200621147532,13300.0
2025-07-10,25.296062469482422,25.34391656745844,25.296062469482422,25.33434538275987,9600.0
2025-07-11,25.238636016845703,25.267347744093623,25.238636016845703,25.24820537558385,15000.0
2025-07-14,25.272136688232422,25.305634923599385,25.248207812527234,25.257778997705927,30300.0
2025-07-15,25.200349807739258,25.382198646925858,25.200349807739258,25.382198646925858,13000.0
2025-07-16,25.262561798095703,25.262561798095703,25.176422969637343,25.2338482467707,9200.0
2025-07-17,25.286487579345703,25.30562994593775,25.272131717159944,25.27691639604968,2600.0
2025-07-18,25.30562973022461,25.30562973022461,25.289358901311722,25.289358901311722,300.0
2025-07-21,25.348703384399414,25.401343988130698,25.324774509600214,25.401343988130698,4100.0
2025-07-22,25.382198333740234,25.410910058956684,25.363055966584863,25.390811121098526,15700.0
2025-07-23,25.420480728149414,25.420480728149414,25.363055453361916,25.374539778112787,8800.0
2025-07-24,25.377416610717773,25.40134548692889,25.353489560023615,25.382203116166778,12900.0
2025-07-25,25.410911560058594,25.458767480774018,25.353486280716798,25.353486280716798,31300.0
2025-07-28,25.386981964111328,25.43962255885587,25.38219728527843,25.43962255885587,17900.0
2025-07-29,25.410911560058594,25.430053928344762,25.391771017289138,25.420482744201678,5400.0
2025-07-30,25.372631072998047,25.477912283113394,25.352532132032415,25.43962754288349,38000.0
2025-07-31,25.34104347229004,25.353486194185255,25.316159854016316,25.316159854016316,3700.0
2025-08-01,25.3400821685791,25.34970642312922,25.243841458716787,25.243841458716787,15200.0
2025-08-04,25.444982528686523,25.449795573611926,25.388200713782823,25.426697730630863,5400.0
2025-08-05,25.431509017944336,25.445946317126044,25.37857837307408,25.37857837307408,3000.0
2025-08-06,25.474815368652344,25.484439622185306,25.42958339624996,25.43535831549747,9800.0
2025-08-07,25.427661895751953,25.503692225928088,25.412264556136865,25.503692225928088,18000.0
2025-08-08,25.436323165893555,25.455571675211313,25.410337861878467,25.436323165893555,15500.0
2025-08-11,25.445945739746094,25.46519241215365,25.417072977676618,25.417072977676618,20100.0
2025-08-12,25.489255905151367,25.513315624221196,25.455571931325828,25.494067114709775,36800.0
2025-08-13,25.559511184692383,25.559511184692383,25.532564005767004,25.542188260474482,11100.0
2025-08-14,25.489255905151367,25.54218838848833,25.48444285995406,25.54218838848833,50800.0
2025-08-15,25.465190887451172,25.50368790123884,25.455568469642905,25.494063647791922,13800.0
2025-08-18,25.474815368652344,25.49406387571827,25.436320190159165,25.436320190159165,3400.0
2025-08-19,25.47000503540039,25.503689006104523,25.456531447118735,25.48444049837681,5600.0
2025-08-20,25.455568313598633,25.57105568297639,25.417071300046956,25.57105568297639,88500.0
2025-08-21,25.407447814941406,25.42669632229929,25.397823561262463,25.397823561262463,7600.0
2025-08-22,25.635536193847656,25.63842365343154,25.561431461869592,25.561431461869592,5300.0
2025-08-25,25.598005294799805,25.63842606149341,25.598005294799805,25.63842606149341,14800.0
2025-08-26,25.634572982788086,25.65767082261637,25.59992714086493,25.619175646661596,31200.0
2025-08-27,25.696170806884766,25.705793225257725,25.643238327639693,25.648049536826175,16800.0
2025-08-28,25.696170806884766,25.705793225257725,25.676922298861328,25.705793225257725,13200.0
2025-08-29,25.666336059570312,25.69135765138198,25.66152301476581,25.686546442216226,17200.0
2025-09-02,25.629558563232422,25.629558563232422,25.575357315228796,25.575357315228796,13800.0
2025-09-03,25.687631607055664,25.697308818486487,25.658594434488812,25.668273492011096,13400.0
2025-09-04,25.794097900390625,25.794097900390625,25.702149621808594,25.713763383339295,9900.0
2025-09-05,25.797000885009766,25.871527595599996,25.794096983207478,25.871527595599996,23200.0
2025-09-08,25.803775787353516,25.88120639898635,25.803775787353516,25.871527341770822,41800.0
2025-09-09,25.794097900390625,25.84249318866392,25.765062573518133,25.803776958045283,27200.0
2025-09-10,25.736024856567383,25.827973133205887,25.72634579911731,25.774739240276222,25800.0
2025-09-11,25.842491149902344,25.847329755302205,25.8086153738293,25.813453979229163,10700.0
2025-09-12,25.82313346862793,25.85216879369608,25.79409629746841,25.82313346862793,10600.0
2025-09-15,25.929603576660156,25.948959846411878,25.852171113287127,25.852171113287127,10900.0
2025-09-16,25.919923782348633,25.944120503419505,25.8908866094087,25.93928005155044,20800.0
2025-09-17,25.862817764282227,25.9218576140213,25.861848566286135,25.900564795570016,19000.0
2025-09-18,25.93927764892578,25.97799387592627,25.919921381516847,25.919921381516847,6200.0
2025-09-19,25.942180633544922,25.95863484482937,25.929599521696666,25.948955788421387,5500.0
2025-09-22,26.00703239440918,26.00703239440918,25.952829304580284,25.952829304580284,8000.0
2025-09-23,25.949928283691406,26.016710643037168,25.949928283691406,26.016710643037168,4500.0
2025-09-24,25.929603576660156,25.997355136020023,25.9102454608169,25.987676078098392,40400.0
2025-09-25,25.867656707763672,25.900565133866515,25.85410639655561,25.873464511450397,16100.0
2025-09-26,25.913145065307617,25.929599276436427,25.88217134665854,25.900562107487133,8600.0
2025-09-29,25.93927764892578,25.968314819176147,25.919921381516847,25.968314819176147,14000.0
2025-09-30,25.93927764892578,25.93927764892578,25.909273126827795,25.93927764892578,9700.0
2025-10-01,25.980152130126953,25.99377666398076,25.925653994711734,25.974314370049267,7000.0
2025-10-02,25.974315643310547,26.013242089285228,25.954851492221398,25.969448677436453,31400.0
2025-10-03,25.935386657714844,25.984047034155473,25.935386657714844,25.984047034155473,25600.0
2025-10-06,25.945117950439453,25.993776469208868,25.93538587544487,25.993776469208868,27800.0
2025-10-07,25.915924072265625,25.984048603396715,25.915924072265625,25.984048603396715,9200.0
2025-10-08,25.876996994018555,25.945119667284963,25.876996994018555,25.93538759164639,6100.0
2025-10-09,25.769947052001953,25.867265956088204,25.74075268011867,25.799143280088938,18600.0
2025-10-10,25.614234924316406,25.799140637520285,25.614234924316406,25.799140637520285,9700.0
2025-10-13,25.769947052001953,25.799143280088938,25.711556452031683,25.714476260460753,10100.0
2025-10-14,25.79914093017578,25.857531524827547,25.692089959811266,25.692089959811266,10100.0
2025-10-15,25.90716552734375,25.90716552734375,25.828338128783574,25.828338128783574,12000.0
2025-10-16,25.83806800842285,25.915922755269712,25.82833778924513,25.915922755269712,15200.0
2025-10-17,25.886728286743164,25.897433012760757,25.800114115521914,25.838067910021955,26400.0
2025-10-20,25.936357498168945,25.96458107139573,25.92565277296021,25.92565277296021,13900.0
2025-10-21,25.90813636779785,25.94511750966761,25.89645899172484,25.94511750966761,8500.0
2025-10-22,25.896459579467773,25.896459579467773,25.87699542936752,25.889647312553034,10400.0
2025-10-23,25.949983596801758,25.964580780449793,25.896458115154406,25.935384556950307,17500.0
2025-10-24,26.003507614135742,26.007401928957094,25.98404532104619,25.98404532104619,9500.0
2025-10-27,26.110559463500977,26.120291538477137,26.02297264491907,26.120291538477137,13100.0
2025-10-28,26.083311080932617,26.120292224331646,26.081363923404854,26.110560149099946,45100.0
2025-10-29,25.964582443237305,26.110559857676385,25.964582443237305,26.081363632307156,19900.0
2025-10-30,25.954849243164062,25.996695493796388,25.9451171684628,25.954849243164062,39900.0
2025-10-31,25.93052101135254,25.98404649622735,25.913976669325585,25.96458234605405,10800.0
2025-11-03,25.85810661315918,25.96085547810886,25.843429003779434,25.96085547810886,13800.0
2025-11-04,25.842451095581055,25.863000495365508,25.77493110588057,25.843429105162077,15000.0
2025-11-05,25.86495590209961,25.91192649090348,25.862999882983882,25.862999882983882,41500.0
2025-11-06,25.86789321899414,25.87278699991335,25.794503303080973,25.84832369460896,17300.0
2025-11-07,25.892356872558594,25.892356872558594,25.814073174673275,25.8727873479102,7400.0
2025-11-10,25.990211486816406,26.009782877537916,25.94617679090829,25.958898381520324,9100.0
2025-11-11,26.029354095458984,26.05870931491582,26.013696609699615,26.019568400163195,5600.0
2025-11-12,25.980426788330078,26.097853270734248,25.970642959024463,26.019569571275007,37200.0
2025-11-13,25.872785568237305,25.980424478906507,25.85419218806206,25.980424478906507,27600.0
2025-11-14,25.872785568237305,25.911926481272346,25.83364278877181,25.83364278877181,13400.0
2025-11-17,25.798416137695312,25.85712844127624,25.790588328265983,25.82385745155587,10600.0
2025-11-18,25.809179306030273,25.843428304610097,25.77003652683594,25.784716002249034,4000.0
2025-11-19,25.830707550048828,25.877678140028802,25.817987826186734,25.843429140341428,12800.0
2025-11-20,25.808202743530273,25.951070536025316,25.808202743530273,25.902142059289005,12800.0
2025-11-21,25.902141571044922,25.941284351696147,25.815052057027817,25.843429266498596,25700.0
2025-11-24,25.990211486816406,26.009782877537916,25.911927790360927,25.97064196252545,31200.0
2025-11-25,26.07828140258789,26.132101794938098,25.98532009443881,25.99999770455956,90600.0
2025-11-26,26.107637405395508,26.127208795697726,26.06849462479107,26.06849462479107,13900.0
2025-11-28,26.127208709716797,26.127208709716797,26.122314928942092,26.127208709716797,600.0
2025-12-01,26.095733642578125,26.12032404474349,26.046550962119966,26.0563874982116,21200.0
2025-12-02,26.13901138305664,26.154750215566928,26.080977135108053,26.08589634107324,31300.0
2025-12-03,26.17442512512207,26.213769394969457,26.144915515640903,26.144915515640903,14000.0
2025-12-04,26.17344093322754,26.194097097637773,26.115406679485325,26.144916289840328,21700.0
2025-12-05,26.182292938232422,26.184260995932135,26.173439492774904,26.184260995932135,4000.0
2025-12-08,26.129175186157227,26.203931358327804,26.09573321534609,26.203931358327804,9500.0
2025-12-09,26.125242233276367,26.154751842521033,26.08688105454754,26.154751842521033,19100.0
2025-12-10,26.194095611572266,26.243278292706997,26.105570537784658,26.125241734111096,25400.0
2025-12-11,26.215736389160156,26.24327793977423,26.184260599333705,26.194095259300937,23900.0
2025-12-12,26.08589744567871,26.184260931746614,26.08589744567871,26.144914786868473,25900.0
2025-12-15,26.15376853942871,26.194095899436686,26.125242021218835,26.184261239229112,9300.0
2025-12-16,26.15475082397461,26.174423896038256,26.12622618277151,26.14983161789499,9600.0
2025-12-17,26.144914627075195,26.203931967904253,26.114421927819237,26.203931967904253,27800.0
2025-12-18,26.211803436279297,26.233442691073027,26.10557146782209,26.10557146782209,9700.0
2025-12-19,26.258285522460938,26.27806622851103,26.19894529070262,26.248397055827848,116700.0
2025-12-22,26.258285522460938,26.287956581536072,26.19894529070262,26.24345093611935,144100.0
2025-12-23,26.271141052246094,26.32751587130513,26.22861423541936,26.258283405710827,40600.0
2025-12-24,26.327516555786133,26.34729537436407,26.248395622298837,26.34729537436407,90800.0
2025-12-26,26.307735443115234,26.386856375376365,26.269164389496197,26.386856375376365,13200.0
2025-12-29,26.32158088684082,26.35718464521186,26.278063714971502,26.31762512328757,40000.0
2025-12-30,26.342350006103516,26.386855647171654,26.27806366091803,26.32751542121139,37700.0
2025-12-31,26.31663703918457,26.37696762615661,26.29784668908675,26.367077273223885,19600.0
2026-01-02,26.327516555786133,26.337405021879174,26.28795514584656,26.31762620330124,30100.0
2026-01-05,26.396747589111328,26.426416760682553,26.337405473185107,26.376966883802588,28800.0
2026-01-06,26.416526794433594,26.43235173619044,26.357186564031263,26.426417147232634,30600.0
2026-01-07,26.396747589111328,26.436307113336927,26.357186178493848,26.436307113336927,56700.0
2026-01-08,26.393779754638672,26.426416219977632,26.34729528675343,26.357185639205433,21000.0
2026-01-09,26.40663719177246,26.4461967148745,26.376966134652058,26.416525657754097,46800.0
2026-01-12,26.396747589111328,26.416526408028183,26.347295825839478,26.386857236456958,58900.0
2026-01-13,26.396747589111328,26.426416760682553,26.376966883802588,26.416526408028183,33400.0
2026-01-14,26.396747589111328,26.416526408028183,26.31762665426825,26.416526408028183,50000.0
2026-01-15,26.416526794433594,26.426417147232634,26.307736686427972,26.33740585843318,47700.0
2026-01-16,26.40663719177246,26.426416010127564,26.347295077531655,26.347295077531655,11100.0
2026-01-20,26.37696647644043,26.406637533945307,26.30773589532091,26.30773589532091,27800.0
2026-01-21,26.40663719177246,26.475867771994903,26.32751625917655,26.32751625917655,25400.0
2026-01-22,26.451141357421875,26.4956469974217,26.417514538507923,26.475866293779173,31000.0
2026-01-23,26.419492721557617,26.47586754095525,26.404658136322784,26.47586754095525,20300.0
2026-01-26,26.426416397094727,26.475868159686197,26.376966520895117,26.376966520895117,25600.0
2026-01-27,26.464988708496094,26.495648234656162,26.432350357322676,26.46597717780686,36300.0
2026-01-28,26.441251754760742,26.485757396021544,26.42641528341262,26.42641528341262,16900.0
2026-01-29,26.456087112426758,26.475867817207472,26.39674688447645,26.475867817207472,12100.0
2026-01-30,26.48476791381836,26.505537087998924,26.42641615496936,26.465977564680063,46800.0
2026-02-02,26.522558212280273,26.541452277790835,26.472835389943775,26.50266832462404,14100.0
2026-02-03,26.472835540771484,26.54244825116083,26.39327788649736,26.43305576523237,49600.0
2026-02-04,26.44300079345703,26.50266856015191,26.404216839945565,26.492723616235416,23800.0
2026-02-05,26.403221130371094,26.4330559622478,26.323663475503995,26.323663475503995,29200.0
2026-02-06,26.522558212280273,26.572281034616772,26.428084091119292,26.428084091119292,219500.0
2026-02-09,26.54741859436035,26.572280004564867,26.492722353828004,26.512612240713224,64300.0
2026-02-10,26.532503128051758,26.61206078178848,26.502668296598955,26.55239301568696,45000.0
2026-02-11,26.552392959594727,26.552392959594727,26.473829231364505,26.542448015798133,21800.0
2026-02-12,26.482778549194336,26.641895754314415,26.482778549194336,26.59217103496311,21400.0
2026-02-13,26.522558212280273,26.64189564141359,26.492723380795923,26.61206080992924,9500.0
2026-02-17,26.482778549194336,26.52255832467538,26.477807025661253,26.512613380805117,17600.0
2026-02-18,26.552392959594727,26.562336006587238,26.492723296815175,26.532503072001543,17200.0
2026-02-19,26.507640838623047,26.582225069577703,26.4927224749889,26.542447192429357,19000.0
2026-02-20,26.54741859436035,26.58222494800748,26.502667297270612,26.53250212759844,22600.0
2026-02-23,26.532503128051758,26.562336062700474,26.492723352781354,26.562336062700474,12500.0
2026-02-24,26.428083419799805,26.522557538560978,26.423109999610034,26.522557538560978,8000.0
2026-02-25,26.44300079345703,26.50266856015191,26.433055849540537,26.433055849540537,6700.0
2026-02-26,26.507640838623047,26.542447192429357,26.462889541328646,26.462889541328646,48600.0
2026-02-27,26.44300079345703,26.771176355485025,26.44300079345703,26.51261350406841,70500.0
2026-03-02,26.469999313354492,26.489999771118164,26.399999618530273,26.399999618530273,11200.0
2026-03-03,26.40999984741211,26.489999771118164,26.31999969482422,26.360000610351562,14700.0
2026-03-04,26.520000457763672,26.520000457763672,26.389999389648438,26.454999923706055,57300.0
2026-03-05,26.389999389648438,26.469999313354492,26.389999389648438,26.469999313354492,40700.0
2026-03-06,26.270000457763672,26.399999618530273,26.270000457763672,26.31999969482422,35000.0
2026-03-09,26.40999984741211,26.415000915527344,26.264999389648438,26.264999389648438,11700.0
2026-03-10,26.3700008392334,26.479999542236328,26.329999923706055,26.329999923706055,25300.0
2026-03-11,26.350000381469727,26.3700008392334,26.309999465942383,26.350000381469727,57500.0
2026-03-12,26.1200008392334,26.26930046081543,26.049999237060547,26.31999969482422,77847.0
