candidate_id,symbol,timeframe,pattern_type,strategy_version_id,created_at,feedback_timestamp,correction_source,detected_top,detected_bottom,corrected_top,corrected_bottom,target_delta_top,target_delta_bottom,score,entry_ready,rule_pass_ratio,rule_count,window_len,chart_len,base_high,base_low,base_range_pct,base_duration,current_close,current_pos_in_base,touches_top,touches_bottom,pivot_switches,window_pivots,trendiness,slope_pct_per_bar,rdp_swing_count_total,rdp_swing_count_highs,rdp_swing_count_lows,node_score
XLK_W_scan_base_box_detector_rdp_hybrid_v1_pattern_v1_6a4f6c82_0_1417,XLK,W,base_box_detector_rdp_hybrid_v1_pattern,scan_base_box_detector_rdp_hybrid_v1_pattern_v1,2026-02-24T01:16:15.429853Z,2026-02-23T23:20:17.699Z,corrections,215.3535281179124,87.99617886180309,9.47,4.17,-205.8835281179124,-83.82617886180309,0.8193227925384589,0,1.0,4,1418,1418,215.3535281179124,87.99617886180309,0.5913873358340218,45.0,140.8800048828125,0.4152396884035539,2.0,2.0,2.0,4.0,0.0574,0.007,11.0,6.0,5.0,0.8193227925384589
M2K=F_W_scan_base_box_detector_rdp_hybrid_v1_pattern_v1_6a4f6c82_0_355,M2K=F,W,base_box_detector_rdp_hybrid_v1_pattern,scan_base_box_detector_rdp_hybrid_v1_pattern_v1,2026-02-24T01:15:53.933592Z,2026-02-23T04:58:59.595Z,corrections,2460.699951171875,1640.699951171875,1996.82,1597.78,-463.87995117187506,-42.91995117187503,0.9430774250008833,0,1.0,4,356,356,2460.699951171875,1640.699951171875,0.3332385159797667,240.0,2643.300048828125,1.2226830459222562,3.0,4.0,9.0,10.0,0.0116,0.0033,13.0,6.0,7.0,0.9430774250008833
ZC=F_W_scan_base_box_detector_rdp_hybrid_v1_pattern_v1_6a4f6c82_0_1333,ZC=F,W,base_box_detector_rdp_hybrid_v1_pattern,scan_base_box_detector_rdp_hybrid_v1_pattern_v1,2026-02-24T01:16:17.328778Z,2026-02-23T05:36:40.931Z,corrections,804.375,295.125,433.63,295.13,-370.745,0.0049999999999954525,0.8200334927902793,0,1.0,4,1334,1334,804.375,295.125,0.6331002331002331,720.0,438.5,0.2815414825724104,2.0,3.0,5.0,6.0,0.0014,0.0273,10.0,5.0,5.0,0.8200334927902793
RLAY_W_scan_base_box_detector_rdp_hybrid_v1_pattern_v1_6a4f6c82_0_292,RLAY,W,base_box_detector_rdp_hybrid_v1_pattern,scan_base_box_detector_rdp_hybrid_v1_pattern_v1,2026-02-24T01:16:05.608727Z,2026-02-23T22:58:14.677Z,corrections,38.26375102996826,25.862499713897705,12.14,5.65,-26.12375102996826,-20.212499713897706,0.797158498471166,0,0.75,4,293,293,38.26375102996826,25.862499713897705,0.3240992057040583,45.0,8.699999809265137,-1.3839329167043004,3.0,3.0,7.0,8.0,0.1271,0.2981,23.0,11.0,12.0,0.797158498471166
CALX_W_scan_base_box_detector_rdp_hybrid_v1_pattern_v1_6a4f6c82_0_830,CALX,W,base_box_detector_rdp_hybrid_v1_pattern,scan_base_box_detector_rdp_hybrid_v1_pattern_v1,2026-02-24T01:15:31.923942Z,2026-02-23T06:53:41.029Z,corrections,78.31750106811523,31.619999885559082,42.26,31.62,-36.057501068115236,1.1444091896350983e-07,0.8203505303681261,0,1.0,4,831,831,78.31750106811523,31.619999885559082,0.5962588252393528,180.0,55.61000061035156,0.5137320010123785,2.0,2.0,5.0,7.0,0.0094,0.0157,10.0,5.0,5.0,0.8203505303681261
M2K=F_W_scan_base_box_detector_rdp_hybrid_v1_pattern_v1_6a4f6c82_0_355,M2K=F,W,base_box_detector_rdp_hybrid_v1_pattern,scan_base_box_detector_rdp_hybrid_v1_pattern_v1,2026-02-24T01:15:53.933592Z,2026-02-23T05:30:01.255Z,corrections,2460.699951171875,1640.699951171875,2021.12,1640.7,-439.5799511718751,4.8828125045474735e-05,0.9430774250008833,0,1.0,4,356,356,2460.699951171875,1640.699951171875,0.3332385159797667,240.0,2643.300048828125,1.2226830459222562,3.0,4.0,9.0,10.0,0.0116,0.0033,13.0,6.0,7.0,0.9430774250008833
EWTX_W_scan_base_box_detector_rdp_hybrid_v1_pattern_v1_45bf43ee_0_257,EWTX,W,base_box_detector_rdp_hybrid_v1_pattern,scan_base_box_detector_rdp_hybrid_v1_pattern_v1,2026-02-24T04:04:25.948678Z,2026-02-24T20:30:50.983Z,corrections,32.38999938964844,11.762499809265137,11.57,5.46,-20.819999389648437,-6.302499809265137,0.8092253522070059,0,1.0,4,258,258,32.38999938964844,11.762499809265137,0.6368477915740768,90.0,30.09000015258789,0.8884983985529763,2.0,2.0,4.0,8.0,0.0235,0.0044,13.0,6.0,7.0,0.8092253522070059
ALRM_W_scan_base_box_detector_rdp_hybrid_v1_pattern_v1_6a4f6c82_0_556,ALRM,W,base_box_detector_rdp_hybrid_v1_pattern,scan_base_box_detector_rdp_hybrid_v1_pattern_v1,2026-02-24T01:15:28.750614Z,2026-02-23T06:49:11.241Z,corrections,78.14049911499023,48.392499923706055,58.98,48.39,-19.160499114990238,-0.002499923706054119,0.9061068271969448,0,1.0,4,557,557,78.14049911499023,48.392499923706055,0.3806988633065618,180.0,45.59000015258789,-0.09420800885120584,2.0,2.0,5.0,6.0,0.011,0.0026,15.0,8.0,7.0,0.9061068271969448
APLS_W_scan_base_box_detector_rdp_hybrid_v1_pattern_v1_6a4f6c82_0_432,APLS,W,base_box_detector_rdp_hybrid_v1_pattern,scan_base_box_detector_rdp_hybrid_v1_pattern_v1,2026-02-24T01:15:29.422924Z,2026-02-23T06:51:00.710Z,corrections,65.85499858856201,33.364999771118164,50.08,33.36,-15.774998588562013,-0.004999771118164631,0.8202003328506358,0,0.75,4,433,433,65.85499858856201,33.364999771118164,0.49335660942656,90.0,22.280000686645508,-0.34118188636317004,2.0,3.0,11.0,12.0,0.0347,0.0098,35.0,18.0,17.0,0.8202003328506358
EDIT_W_scan_base_box_detector_rdp_hybrid_v1_pattern_v1_45bf43ee_0_525,EDIT,W,base_box_detector_rdp_hybrid_v1_pattern,scan_base_box_detector_rdp_hybrid_v1_pattern_v1,2026-02-24T04:03:48.069463Z,2026-02-24T20:26:30.467Z,corrections,35.76749897003174,17.799999237060547,28.61,17.8,-7.157498970031739,7.629394538355427e-07,0.815792951415889,0,0.75,4,526,526,35.76749897003174,17.799999237060547,0.5023415181482355,120.0,1.8899999856948853,-0.8854876575937874,3.0,2.0,7.0,9.0,0.0127,0.0069,21.0,11.0,10.0,0.815792951415889
HCC_W_scan_base_box_detector_rdp_hybrid_v1_pattern_v1_6a4f6c82_0_462,HCC,W,base_box_detector_rdp_hybrid_v1_pattern,scan_base_box_detector_rdp_hybrid_v1_pattern_v1,2026-02-24T01:15:45.769502Z,2026-02-23T07:34:21.640Z,corrections,73.33097320573337,50.563262484947614,50.56,43.45,-22.77097320573337,-7.113262484947612,0.9479650558869425,0,1.0,4,463,463,73.33097320573337,50.563262484947614,0.31047877486788444,45.0,85.01000213623047,1.512964569592618,2.0,2.0,3.0,4.0,0.0039,0.017,13.0,7.0,6.0,0.9479650558869425
ZS=F_W_scan_base_box_detector_rdp_hybrid_v1_pattern_v1_6a4f6c82_0_1327,ZS=F,W,base_box_detector_rdp_hybrid_v1_pattern,scan_base_box_detector_rdp_hybrid_v1_pattern_v1,2026-02-24T01:16:18.183379Z,2026-02-23T05:39:36.608Z,corrections,1789.375,796.4375,1074.87,796.44,-714.5050000000001,0.0025000000000545697,0.8427079366330408,0,1.0,4,1328,1328,1789.375,796.4375,0.5549074397485155,720.0,1145.75,0.35179706678416317,2.0,2.0,4.0,5.0,0.0054,0.005,9.0,5.0,4.0,0.8427079366330408
BWXT_W_scan_base_box_detector_rdp_hybrid_v1_pattern_v1_6a4f6c82_0_811,BWXT,W,base_box_detector_rdp_hybrid_v1_pattern,scan_base_box_detector_rdp_hybrid_v1_pattern_v1,2026-02-24T01:15:31.691542Z,2026-02-23T07:24:05.943Z,corrections,65.30658439680182,38.370310080536115,55.25,38.37,-10.056584396801824,-0.00031008053611714104,0.8564853083193693,0,0.75,4,812,812,65.30658439680182,38.370310080536115,0.41245878290925936,180.0,206.44000244140625,3.0,2.0,2.0,3.0,4.0,0.004,0.0153,12.0,6.0,6.0,0.8564853083193693
CPRX_W_scan_base_box_detector_rdp_hybrid_v1_pattern_v1_6a4f6c82_0_1006,CPRX,W,base_box_detector_rdp_hybrid_v1_pattern,scan_base_box_detector_rdp_hybrid_v1_pattern_v1,2026-02-24T01:15:33.388856Z,2026-02-23T06:56:15.549Z,corrections,26.09499979019165,19.07499933242798,22.18,19.07,-3.9149997901916507,-0.004999332427978231,0.9475401449707238,0,1.0,4,1007,1007,26.09499979019165,19.07499933242798,0.2690170727804445,60.0,24.299999237060547,0.7443019321820773,2.0,2.0,2.0,4.0,0.0066,0.0065,9.0,4.0,5.0,0.9475401449707238
ZT=F_W_scan_base_box_detector_rdp_hybrid_v1_pattern_v1_6a4f6c82_0_1342,ZT=F,W,base_box_detector_rdp_hybrid_v1_pattern,scan_base_box_detector_rdp_hybrid_v1_pattern_v1,2026-02-24T01:16:18.457729Z,2026-02-24T01:17:37.698Z,corrections,108.90234375,101.068359375,103.52,101.07,-5.382343750000004,0.0016406249999931788,1.0,0,1.0,4,1343,1343,108.90234375,101.068359375,0.07193586570536964,360.0,104.3203125,0.4151084517576664,2.0,3.0,4.0,5.0,0.1032,0.0147,14.0,7.0,7.0,1.0
ES=F_W_scan_base_box_detector_rdp_hybrid_v1_pattern_v1_0fd28b78_0_1326,ES=F,W,base_box_detector_rdp_hybrid_v1_pattern,scan_base_box_detector_rdp_hybrid_v1_pattern_v1,2026-02-23T07:08:57.234233Z,2026-02-23T05:29:37.957Z,corrections,4808.25,2174.0,4170.27,3597.2,-637.9799999999996,1423.1999999999998,0.7636511168425276,0,0.75,4,1327,1327,4808.25,2174.0,0.5478604481880102,540.0,6923.25,1.8028850716522729,2.0,3.0,9.0,10.0,0.1042,0.2057,13.0,6.0,7.0,0.7636511168425276
LQD_W_scan_base_box_detector_rdp_hybrid_v1_pattern_v1_6a4f6c82_0_1229,LQD,W,base_box_detector_rdp_hybrid_v1_pattern,scan_base_box_detector_rdp_hybrid_v1_pattern_v1,2026-02-24T01:15:53.723245Z,2026-02-24T01:22:48.742Z,corrections,113.1844491287653,85.09612226136865,99.24,90.97,-13.9444491287653,5.87387773863135,0.9497325234866658,0,1.0,4,1230,1230,113.1844491287653,85.09612226136865,0.24816418760356126,360.0,111.58999633789062,0.9432343265441908,2.0,2.0,3.0,4.0,0.0509,0.0051,6.0,3.0,3.0,0.9497325234866658
RELL_W_scan_base_box_detector_rdp_hybrid_v1_pattern_v1_45bf43ee_0_2209,RELL,W,base_box_detector_rdp_hybrid_v1_pattern,scan_base_box_detector_rdp_hybrid_v1_pattern_v1,2026-02-24T04:20:08.898362Z,2026-02-24T20:23:06.187Z,corrections,23.41456708590825,9.571556335344376,9.76,2.54,-13.65456708590825,-7.0315563353443755,0.8176955027580838,0,1.0,4,2210,2210,23.41456708590825,9.571556335344376,0.5912136107310354,180.0,12.970000267028809,0.24549890142547226,2.0,2.0,7.0,9.0,0.0583,0.0104,20.0,10.0,10.0,0.8176955027580838
BFLY_W_scan_base_box_detector_rdp_hybrid_v1_pattern_v1_6a4f6c82_0_292,BFLY,W,base_box_detector_rdp_hybrid_v1_pattern,scan_base_box_detector_rdp_hybrid_v1_pattern_v1,2026-02-24T01:15:30.632958Z,2026-02-10T19:09:51.643Z,corrections,22.315250396728516,9.420000076293945,4.788104696427462,0.35878513229703657,-17.527145700301055,-9.061214943996909,0.7696147146114644,0,0.75,4,293,293,22.315250396728516,9.420000076293945,0.5778671577140382,60.0,2.9800000190734863,-0.499408689028336,2.0,3.0,11.0,12.0,0.017,0.01,17.0,8.0,9.0,0.7696147146114644
M2K=F_W_scan_base_box_detector_rdp_hybrid_v1_pattern_v1_6a4f6c82_0_355,M2K=F,W,base_box_detector_rdp_hybrid_v1_pattern,scan_base_box_detector_rdp_hybrid_v1_pattern_v1,2026-02-24T01:15:53.933592Z,2026-02-23T07:41:22.604Z,corrections,2460.699951171875,1640.699951171875,2052.0,1640.7,-408.699951171875,4.8828125045474735e-05,0.9430774250008833,0,1.0,4,356,356,2460.699951171875,1640.699951171875,0.3332385159797667,240.0,2643.300048828125,1.2226830459222562,3.0,4.0,9.0,10.0,0.0116,0.0033,13.0,6.0,7.0,0.9430774250008833
TLT_W_scan_base_box_detector_rdp_hybrid_v1_pattern_v1_6a4f6c82_0_1229,TLT,W,base_box_detector_rdp_hybrid_v1_pattern,scan_base_box_detector_rdp_hybrid_v1_pattern_v1,2026-02-24T01:16:11.266764Z,2026-02-23T23:17:49.831Z,corrections,138.22521500675037,74.1980638269068,77.91,74.2,-60.31521500675038,0.001936173093199045,0.8750630921385715,0,1.0,4,1230,1230,138.22521500675037,74.1980638269068,0.4632089100148387,720.0,89.41000366210938,0.23758576720795055,2.0,2.0,7.0,8.0,0.0067,0.0166,10.0,5.0,5.0,0.8750630921385715
HYG_W_scan_base_box_detector_rdp_hybrid_v1_pattern_v1_6a4f6c82_0_984,HYG,W,base_box_detector_rdp_hybrid_v1_pattern,scan_base_box_detector_rdp_hybrid_v1_pattern_v1,2026-02-24T01:15:46.284299Z,2026-02-24T01:18:30.510Z,corrections,67.9996948717529,59.393906060149746,64.48,59.39,-3.5196948717528898,-0.0039060601497453717,0.9993346674167117,0,1.0,4,985,985,67.9996948717529,59.393906060149746,0.12655628569854063,90.0,81.0,2.510646544186496,2.0,2.0,3.0,4.0,0.0736,0.0128,37.0,18.0,19.0,0.9993346674167117
RTY=F_W_scan_base_box_detector_rdp_hybrid_v1_pattern_v1_6a4f6c82_0_449,RTY=F,W,base_box_detector_rdp_hybrid_v1_pattern,scan_base_box_detector_rdp_hybrid_v1_pattern_v1,2026-02-24T01:16:06.033384Z,2026-02-23T05:39:52.493Z,corrections,2460.800048828125,1641.0,2008.29,1641.0,-452.51004882812504,0.0,0.9431021602926646,0,1.0,4,450,450,2460.800048828125,1641.0,0.3331437063399474,240.0,2643.699951171875,1.2231030634911513,3.0,4.0,9.0,10.0,0.0116,0.0034,14.0,7.0,7.0,0.9431021602926646
RTY=F_W_scan_base_box_detector_rdp_hybrid_v1_pattern_v1_6a4f6c82_0_449,RTY=F,W,base_box_detector_rdp_hybrid_v1_pattern,scan_base_box_detector_rdp_hybrid_v1_pattern_v1,2026-02-24T01:16:06.033384Z,2026-02-24T01:27:04.456Z,corrections,2460.800048828125,1641.0,1982.48,1641.0,-478.320048828125,0.0,0.9431021602926646,0,1.0,4,450,450,2460.800048828125,1641.0,0.3331437063399474,240.0,2643.699951171875,1.2231030634911513,3.0,4.0,9.0,10.0,0.0116,0.0034,14.0,7.0,7.0,0.9431021602926646
AEO_W_scan_base_box_detector_rdp_hybrid_v1_pattern_v1_6a4f6c82_0_1662,AEO,W,base_box_detector_rdp_hybrid_v1_pattern,scan_base_box_detector_rdp_hybrid_v1_pattern_v1,2026-02-24T01:15:27.961443Z,2026-02-23T07:18:32.664Z,corrections,21.478058825729253,7.728147399124619,16.92,7.73,-4.558058825729251,0.0018526008753818601,0.7934550645262098,0,1.0,4,1663,1663,21.478058825729253,7.728147399124619,0.6401840845194621,360.0,25.260000228881836,1.275052055668877,2.0,2.0,6.0,7.0,0.0006,0.1195,19.0,10.0,9.0,0.7934550645262098
RUN_W_scan_base_box_detector_rdp_hybrid_v1_pattern_v1_6a4f6c82_0_550,RUN,W,base_box_detector_rdp_hybrid_v1_pattern,scan_base_box_detector_rdp_hybrid_v1_pattern_v1,2026-02-24T01:16:06.425167Z,2026-02-23T23:08:39.381Z,corrections,36.73500061035156,17.704999923706055,21.73,8.19,-15.005000610351562,-9.514999923706055,0.8411273037045277,0,1.0,4,551,551,36.73500061035156,17.704999923706055,0.5180345820188456,60.0,20.280000686645508,0.13531269942341545,2.0,3.0,5.0,6.0,0.0423,0.0157,25.0,12.0,13.0,0.8411273037045277
HCC_W_scan_base_box_detector_rdp_hybrid_v1_pattern_v1_6a4f6c82_0_462,HCC,W,base_box_detector_rdp_hybrid_v1_pattern,scan_base_box_detector_rdp_hybrid_v1_pattern_v1,2026-02-24T01:15:45.769502Z,2026-02-24T01:25:09.663Z,corrections,73.33097320573337,50.563262484947614,49.32,44.38,-24.01097320573337,-6.183262484947612,0.9479650558869425,0,1.0,4,463,463,73.33097320573337,50.563262484947614,0.31047877486788444,45.0,85.01000213623047,1.512964569592618,2.0,2.0,3.0,4.0,0.0039,0.017,13.0,7.0,6.0,0.9479650558869425
CALX_W_scan_base_box_detector_rdp_hybrid_v1_pattern_v1_6a4f6c82_0_830,CALX,W,base_box_detector_rdp_hybrid_v1_pattern,scan_base_box_detector_rdp_hybrid_v1_pattern_v1,2026-02-24T01:15:31.923942Z,2026-02-23T07:24:29.004Z,corrections,78.31750106811523,31.619999885559082,40.18,28.93,-38.137501068115235,-2.6899998855590823,0.8203505303681261,0,1.0,4,831,831,78.31750106811523,31.619999885559082,0.5962588252393528,180.0,55.61000061035156,0.5137320010123785,2.0,2.0,5.0,7.0,0.0094,0.0157,10.0,5.0,5.0,0.8203505303681261
BAND_W_scan_base_box_detector_rdp_hybrid_v1_pattern_v1_45bf43ee_0_433,BAND,W,base_box_detector_rdp_hybrid_v1_pattern,scan_base_box_detector_rdp_hybrid_v1_pattern_v1,2026-02-24T03:59:53.719102Z,2026-02-24T20:30:03.385Z,corrections,197.1762466430664,109.0250015258789,27.03,9.14,-170.1462466430664,-99.8850015258789,0.8097246527336993,0,0.75,4,434,434,197.1762466430664,109.0250015258789,0.44706827834470947,60.0,13.960000038146973,-1.0784306150338925,2.0,2.0,6.0,7.0,0.0548,0.0199,19.0,10.0,9.0,0.8097246527336993
SIL=F_W_scan_base_box_detector_rdp_hybrid_v1_pattern_v1_6a4f6c82_0_661,SIL=F,W,base_box_detector_rdp_hybrid_v1_pattern,scan_base_box_detector_rdp_hybrid_v1_pattern_v1,2026-02-24T01:16:09.015918Z,2026-02-23T23:17:29.733Z,corrections,20.420000076293945,13.162499904632568,18.4,13.16,-2.0200000762939467,-0.0024999046325682173,0.8699078865899005,0,0.75,4,662,662,20.420000076293945,13.162499904632568,0.3554113684890128,240.0,87.33999633789062,3.0,2.0,2.0,3.0,4.0,0.0086,0.002,13.0,6.0,7.0,0.8699078865899005
HCC_W_scan_base_box_detector_rdp_hybrid_v1_pattern_v1_6a4f6c82_0_462,HCC,W,base_box_detector_rdp_hybrid_v1_pattern,scan_base_box_detector_rdp_hybrid_v1_pattern_v1,2026-02-24T01:15:45.769502Z,2026-02-24T01:23:54.580Z,corrections,73.33097320573337,50.563262484947614,50.01,42.8,-23.320973205733374,-7.763262484947617,0.9479650558869425,0,1.0,4,463,463,73.33097320573337,50.563262484947614,0.31047877486788444,45.0,85.01000213623047,1.512964569592618,2.0,2.0,3.0,4.0,0.0039,0.017,13.0,7.0,6.0,0.9479650558869425
BFLY_W_scan_base_box_detector_rdp_hybrid_v1_pattern_v1_6a4f6c82_0_292,BFLY,W,base_box_detector_rdp_hybrid_v1_pattern,scan_base_box_detector_rdp_hybrid_v1_pattern_v1,2026-02-24T01:15:30.632958Z,2026-02-23T06:52:44.638Z,corrections,22.315250396728516,9.420000076293945,3.28,1.76,-19.035250396728514,-7.6600000762939455,0.7696147146114644,0,0.75,4,293,293,22.315250396728516,9.420000076293945,0.5778671577140382,60.0,2.9800000190734863,-0.499408689028336,2.0,3.0,11.0,12.0,0.017,0.01,17.0,8.0,9.0,0.7696147146114644
CPRX_W_scan_base_box_detector_rdp_hybrid_v1_pattern_v1_6a4f6c82_0_1006,CPRX,W,base_box_detector_rdp_hybrid_v1_pattern,scan_base_box_detector_rdp_hybrid_v1_pattern_v1,2026-02-24T01:15:33.388856Z,2026-02-23T07:26:14.968Z,corrections,26.09499979019165,19.07499933242798,21.65,19.07,-4.444999790191652,-0.004999332427978231,0.9475401449707238,0,1.0,4,1007,1007,26.09499979019165,19.07499933242798,0.2690170727804445,60.0,24.299999237060547,0.7443019321820773,2.0,2.0,2.0,4.0,0.0066,0.0065,9.0,4.0,5.0,0.9475401449707238
MP_W_scan_base_box_detector_rdp_hybrid_v1_pattern_v1_6a4f6c82_0_295,MP,W,base_box_detector_rdp_hybrid_v1_pattern,scan_base_box_detector_rdp_hybrid_v1_pattern_v1,2026-02-24T01:15:56.610902Z,2026-02-23T07:43:11.842Z,corrections,55.97999954223633,23.258750438690186,22.41,13.39,-33.56999954223633,-9.868750438690185,0.8439552513936243,0,1.0,4,296,296,55.97999954223633,23.258750438690186,0.5845167804772542,180.0,55.34000015258789,0.9804408631338258,2.0,2.0,3.0,5.0,0.0178,0.0064,9.0,5.0,4.0,0.8439552513936243
HALO_W_scan_base_box_detector_rdp_hybrid_v1_pattern_v1_6a4f6c82_0_1144,HALO,W,base_box_detector_rdp_hybrid_v1_pattern,scan_base_box_detector_rdp_hybrid_v1_pattern_v1,2026-02-24T01:15:45.349244Z,2026-02-23T07:33:45.818Z,corrections,64.01249885559082,30.227500438690186,40.45,30.23,-23.562498855590817,0.0024995613098148795,0.855587392949179,0,1.0,4,1145,1145,64.01249885559082,30.227500438690186,0.5277875262004378,180.0,70.9800033569336,1.2062307185977947,2.0,2.0,3.0,4.0,0.0205,0.0709,12.0,6.0,6.0,0.855587392949179
CROX_W_scan_base_box_detector_rdp_hybrid_v1_pattern_v1_6a4f6c82_0_1045,CROX,W,base_box_detector_rdp_hybrid_v1_pattern,scan_base_box_detector_rdp_hybrid_v1_pattern_v1,2026-02-24T01:15:33.860999Z,2026-02-23T06:57:16.011Z,corrections,161.82000732421875,73.40749931335449,29.74,7.06,-132.08000732421874,-66.34749931335449,0.8444624263312063,0,1.0,4,1046,1046,161.82000732421875,73.40749931335449,0.5463632678851821,180.0,100.04000091552734,0.3012300205181399,2.0,2.0,3.0,4.0,0.0154,0.0063,10.0,5.0,5.0,0.8444624263312063
HYG_W_scan_base_box_detector_rdp_hybrid_v1_pattern_v1_6a4f6c82_0_984,HYG,W,base_box_detector_rdp_hybrid_v1_pattern,scan_base_box_detector_rdp_hybrid_v1_pattern_v1,2026-02-24T01:15:46.284299Z,2026-02-24T01:17:59.878Z,corrections,67.9996948717529,59.393906060149746,63.91,59.39,-4.089694871752897,-0.0039060601497453717,0.9993346674167117,0,1.0,4,985,985,67.9996948717529,59.393906060149746,0.12655628569854063,90.0,81.0,2.510646544186496,2.0,2.0,3.0,4.0,0.0736,0.0128,37.0,18.0,19.0,0.9993346674167117
AAMI_W_scan_base_box_detector_rdp_hybrid_v1_pattern_v1_45bf43ee_0_594,AAMI,W,base_box_detector_rdp_hybrid_v1_pattern,scan_base_box_detector_rdp_hybrid_v1_pattern_v1,2026-02-24T03:57:53.520611Z,2026-02-24T20:19:58.713Z,corrections,31.21202866398833,14.78392368322082,26.08,14.78,-5.132028663988333,-0.003923683220820706,0.8212700592638528,0,0.75,4,595,595,31.21202866398833,14.78392368322082,0.5263389047095761,180.0,52.439998626708984,2.2921739900963853,2.0,2.0,4.0,5.0,0.0068,0.0002,10.0,5.0,5.0,0.8212700592638528
GOOS_W_scan_base_box_detector_rdp_hybrid_v1_pattern_v1_6a4f6c82_0_466,GOOS,W,base_box_detector_rdp_hybrid_v1_pattern,scan_base_box_detector_rdp_hybrid_v1_pattern_v1,2026-02-24T01:15:44.846101Z,2026-02-23T07:32:42.608Z,corrections,68.01749992370605,42.522499084472656,14.76,9.22,-53.25749992370606,-33.30249908447266,0.8275826511550429,0,0.75,4,467,467,68.01749992370605,42.522499084472656,0.3748300197424289,60.0,12.449999809265137,-1.1795449415687,3.0,3.0,7.0,10.0,0.0018,0.0814,28.0,14.0,14.0,0.8275826511550429
ARLO_W_scan_base_box_detector_rdp_hybrid_v1_pattern_v1_6a4f6c82_0_394,ARLO,W,base_box_detector_rdp_hybrid_v1_pattern,scan_base_box_detector_rdp_hybrid_v1_pattern_v1,2026-02-24T01:15:29.899218Z,2026-02-23T07:22:48.994Z,corrections,18.789999961853027,7.805000066757202,13.45,10.06,-5.339999961853028,2.2549999332427983,0.762738272749953,0,1.0,4,395,395,18.789999961853027,7.805000066757202,0.5846194740498823,120.0,11.609999656677246,0.34638139519862526,2.0,2.0,5.0,6.0,0.0385,0.375,10.0,5.0,5.0,0.762738272749953
DOT-USD_W_scan_base_box_detector_rdp_hybrid_v1_pattern_v1_6a4f6c82_0_288,DOT-USD,W,base_box_detector_rdp_hybrid_v1_pattern,scan_base_box_detector_rdp_hybrid_v1_pattern_v1,2026-02-24T01:15:37.378554Z,2026-02-24T00:06:18.619Z,corrections,38.683414459228516,14.135740280151367,10.12,3.68,-28.563414459228518,-10.455740280151367,0.7386644224923682,0,0.75,4,289,289,38.683414459228516,14.135740280151367,0.6345787858243451,45.0,1.2500190734863281,-0.5249263581006789,2.0,2.0,5.0,10.0,0.0187,0.0737,23.0,12.0,11.0,0.7386644224923682
CWAN_W_scan_base_box_detector_rdp_hybrid_v1_pattern_v1_6a4f6c82_0_230,CWAN,W,base_box_detector_rdp_hybrid_v1_pattern,scan_base_box_detector_rdp_hybrid_v1_pattern_v1,2026-02-24T01:15:35.191214Z,2026-02-23T07:26:49.982Z,corrections,22.295000076293945,12.122499942779541,19.67,12.12,-2.6250000762939436,-0.0024999427795417972,0.8891147042253722,0,1.0,4,231,231,22.295000076293945,12.122499942779541,0.45626822600152056,120.0,23.299999237060547,1.0987956891202708,2.0,2.0,5.0,6.0,0.0381,0.0047,12.0,6.0,6.0,0.8891147042253722
RDVT_W_scan_base_box_detector_rdp_hybrid_v1_pattern_v1_45bf43ee_0_413,RDVT,W,base_box_detector_rdp_hybrid_v1_pattern,scan_base_box_detector_rdp_hybrid_v1_pattern_v1,2026-02-24T04:20:02.810006Z,2026-02-24T20:31:59.209Z,corrections,42.45348064229605,14.920900281694571,24.96,14.92,-17.49348064229605,-0.0009002816945713477,0.8083193810938681,0,1.0,4,414,414,42.45348064229605,14.920900281694571,0.6485352895463417,240.0,40.09000015258789,0.9141569566399869,2.0,2.0,6.0,7.0,0.0599,0.0594,13.0,7.0,6.0,0.8083193810938681
NUVB_W_scan_base_box_detector_rdp_hybrid_v1_pattern_v1_6a4f6c82_0_286,NUVB,W,base_box_detector_rdp_hybrid_v1_pattern,scan_base_box_detector_rdp_hybrid_v1_pattern_v1,2026-02-24T01:15:58.817016Z,2026-02-23T22:51:33.834Z,corrections,15.152499675750732,8.735000371932983,3.23,1.36,-11.922499675750732,-7.375000371932983,0.81635228748847,0,0.75,4,287,287,15.152499675750732,8.735000371932983,0.42352743383245073,45.0,5.440000057220459,-0.5134399177499466,2.0,2.0,4.0,5.0,0.0815,0.0101,11.0,6.0,5.0,0.81635228748847
DDOG_W_scan_base_box_detector_rdp_hybrid_v1_pattern_v1_6a4f6c82_0_335,DDOG,W,base_box_detector_rdp_hybrid_v1_pattern,scan_base_box_detector_rdp_hybrid_v1_pattern_v1,2026-02-24T01:15:36.288159Z,2026-02-23T07:27:45.823Z,corrections,177.47875213623047,67.63250255584717,117.27,67.63,-60.20875213623047,-0.0025025558471725162,0.8343990159884886,0,1.0,4,336,336,177.47875213623047,67.63250255584717,0.6189261996617301,240.0,115.66000366210938,0.43722476907249014,2.0,2.0,7.0,8.0,0.0011,0.0262,9.0,5.0,4.0,0.8343990159884886
ESTC_W_scan_base_box_detector_rdp_hybrid_v1_pattern_v1_6a4f6c82_0_385,ESTC,W,base_box_detector_rdp_hybrid_v1_pattern,scan_base_box_detector_rdp_hybrid_v1_pattern_v1,2026-02-24T01:15:39.607637Z,2026-02-23T07:30:29.057Z,corrections,127.44999694824219,69.28750038146973,97.83,47.62,-29.61999694824219,-21.66750038146973,0.8129967930706624,0,0.75,4,386,386,127.44999694824219,69.28750038146973,0.4563554174928103,120.0,58.119998931884766,-0.19200519421934203,2.0,2.0,4.0,5.0,0.0192,0.0851,13.0,7.0,6.0,0.8129967930706624
ACHR_W_scan_base_box_detector_rdp_hybrid_v1_pattern_v1_6a4f6c82_0_270,ACHR,W,base_box_detector_rdp_hybrid_v1_pattern,scan_base_box_detector_rdp_hybrid_v1_pattern_v1,2026-02-24T01:15:27.111615Z,2026-02-23T06:41:06.548Z,corrections,14.269999980926514,8.333999872207642,5.25,2.61,-9.019999980926514,-5.723999872207642,0.7323485565763691,0,0.75,4,271,271,14.269999980926514,8.333999872207642,0.41597758350756936,45.0,6.929999828338623,-0.23652291410958795,3.0,2.0,4.0,5.0,0.0087,0.6444,13.0,7.0,6.0,0.7323485565763691
CWAN_W_scan_base_box_detector_rdp_hybrid_v1_pattern_v1_6a4f6c82_0_230,CWAN,W,base_box_detector_rdp_hybrid_v1_pattern,scan_base_box_detector_rdp_hybrid_v1_pattern_v1,2026-02-24T01:15:35.191214Z,2026-02-23T06:57:31.132Z,corrections,22.295000076293945,12.122499942779541,22.3,12.12,0.004999923706055398,-0.0024999427795417972,0.8891147042253722,0,1.0,4,231,231,22.295000076293945,12.122499942779541,0.45626822600152056,120.0,23.299999237060547,1.0987956891202708,2.0,2.0,5.0,6.0,0.0381,0.0047,12.0,6.0,6.0,0.8891147042253722
CPRX_W_scan_base_box_detector_rdp_hybrid_v1_pattern_v1_6a4f6c82_0_1006,CPRX,W,base_box_detector_rdp_hybrid_v1_pattern,scan_base_box_detector_rdp_hybrid_v1_pattern_v1,2026-02-24T01:15:33.388856Z,2026-02-24T01:26:23.539Z,corrections,26.09499979019165,19.07499933242798,21.54,19.07,-4.554999790191651,-0.004999332427978231,0.9475401449707238,0,1.0,4,1007,1007,26.09499979019165,19.07499933242798,0.2690170727804445,60.0,24.299999237060547,0.7443019321820773,2.0,2.0,2.0,4.0,0.0066,0.0065,9.0,4.0,5.0,0.9475401449707238
BROS_W_scan_base_box_detector_rdp_hybrid_v1_pattern_v1_6a4f6c82_0_231,BROS,W,base_box_detector_rdp_hybrid_v1_pattern,scan_base_box_detector_rdp_hybrid_v1_pattern_v1,2026-02-24T01:15:31.158502Z,2026-02-23T07:23:28.504Z,corrections,42.977500915527344,25.800750255584717,34.77,25.8,-8.20750091552734,-0.0007502555847160863,0.9144959771937242,0,1.0,4,232,232,42.977500915527344,25.800750255584717,0.39966843799744617,120.0,48.810001373291016,1.339557846139402,3.0,5.0,11.0,12.0,0.0118,0.0143,29.0,15.0,14.0,0.9144959771937242
MES=F_W_scan_base_box_detector_rdp_hybrid_v1_pattern_v1_0fd28b78_0_355,MES=F,W,base_box_detector_rdp_hybrid_v1_pattern,scan_base_box_detector_rdp_hybrid_v1_pattern_v1,2026-02-23T07:09:01.953301Z,2026-02-23T05:14:48.373Z,corrections,4557.75,3536.1875,4190.64,3536.19,-367.1099999999997,0.0025000000000545697,0.9205608884708808,0,0.75,4,356,356,4557.75,3536.1875,0.2241374581756349,90.0,6917.75,3.0,2.0,2.0,3.0,4.0,0.0063,0.0505,13.0,6.0,7.0,0.9205608884708808
MES=F_W_scan_base_box_detector_rdp_hybrid_v1_pattern_v1_0fd28b78_0_355,MES=F,W,base_box_detector_rdp_hybrid_v1_pattern,scan_base_box_detector_rdp_hybrid_v1_pattern_v1,2026-02-23T07:09:01.953301Z,2026-02-23T07:41:56.832Z,corrections,4557.75,3536.1875,4185.47,3536.19,-372.27999999999975,0.0025000000000545697,0.9205608884708808,0,0.75,4,356,356,4557.75,3536.1875,0.2241374581756349,90.0,6917.75,3.0,2.0,2.0,3.0,4.0,0.0063,0.0505,13.0,6.0,7.0,0.9205608884708808
CCJ_W_scan_base_box_detector_rdp_hybrid_v1_pattern_v1_6a4f6c82_0_1562,CCJ,W,base_box_detector_rdp_hybrid_v1_pattern,scan_base_box_detector_rdp_hybrid_v1_pattern_v1,2026-02-24T01:15:32.249611Z,2026-02-23T06:54:12.304Z,corrections,60.82672366851819,35.02208439311233,21.41,9.03,-39.41672366851819,-25.99208439311233,0.8592838495087638,0,0.75,4,1563,1563,60.82672366851819,35.02208439311233,0.4242319447621581,60.0,121.3499984741211,3.0,2.0,2.0,3.0,4.0,0.005,0.005,9.0,4.0,5.0,0.8592838495087638
ACHR_W_scan_base_box_detector_rdp_hybrid_v1_pattern_v1_6a4f6c82_0_270,ACHR,W,base_box_detector_rdp_hybrid_v1_pattern,scan_base_box_detector_rdp_hybrid_v1_pattern_v1,2026-02-24T01:15:27.111615Z,2026-02-23T06:31:36.079Z,corrections,14.269999980926514,8.333999872207642,6.98,2.6,-7.289999980926513,-5.733999872207642,0.7323485565763691,0,0.75,4,271,271,14.269999980926514,8.333999872207642,0.41597758350756936,45.0,6.929999828338623,-0.23652291410958795,3.0,2.0,4.0,5.0,0.0087,0.6444,13.0,7.0,6.0,0.7323485565763691
ADPT_W_scan_base_box_detector_rdp_hybrid_v1_pattern_v1_6a4f6c82_0_347,ADPT,W,base_box_detector_rdp_hybrid_v1_pattern,scan_base_box_detector_rdp_hybrid_v1_pattern_v1,2026-02-24T01:15:27.488717Z,2026-02-23T07:18:01.200Z,corrections,54.20000076293945,29.735000610351562,13.77,4.3,-40.43000076293946,-25.435000610351562,0.8205217138362414,0,0.75,4,348,348,54.20000076293945,29.735000610351562,0.4513837602990666,90.0,15.199999809265137,-0.5941140695046725,2.0,3.0,7.0,10.0,0.0012,0.0017,18.0,9.0,9.0,0.8205217138362414
UWMC_W_scan_base_box_detector_rdp_hybrid_v1_pattern_v1_6a4f6c82_0_303,UWMC,W,base_box_detector_rdp_hybrid_v1_pattern,scan_base_box_detector_rdp_hybrid_v1_pattern_v1,2026-02-24T01:16:12.640192Z,2026-02-23T23:18:36.614Z,corrections,6.888723702482547,3.7910351807998417,3.5,2.39,-3.3887237024825474,-1.4010351807998416,0.8736254508442568,0,1.0,4,304,304,6.888723702482547,3.7910351807998417,0.4496752454400756,120.0,4.619999885559082,0.26760750764861785,3.0,2.0,6.0,9.0,0.0165,0.0389,13.0,7.0,6.0,0.8736254508442568
ACLX_W_scan_base_box_detector_rdp_hybrid_v1_pattern_v1_6a4f6c82_0_211,ACLX,W,base_box_detector_rdp_hybrid_v1_pattern,scan_base_box_detector_rdp_hybrid_v1_pattern_v1,2026-02-24T01:15:27.278198Z,2026-02-23T07:17:03.035Z,corrections,100.72000122070312,47.86500072479248,73.85,47.87,-26.87000122070313,0.004999275207516973,0.8115584574944235,0,1.0,4,212,212,100.72000122070312,47.86500072479248,0.5247716427255784,120.0,64.11000061035156,0.3073502929361612,2.0,2.0,4.0,5.0,0.044,0.2176,7.0,4.0,3.0,0.8115584574944235
ZS=F_W_scan_base_box_detector_rdp_hybrid_v1_pattern_v1_6a4f6c82_0_1327,ZS=F,W,base_box_detector_rdp_hybrid_v1_pattern,scan_base_box_detector_rdp_hybrid_v1_pattern_v1,2026-02-24T01:16:18.183379Z,2026-02-23T23:21:49.239Z,corrections,1789.375,796.4375,1073.94,796.44,-715.435,0.0025000000000545697,0.8427079366330408,0,1.0,4,1328,1328,1789.375,796.4375,0.5549074397485155,720.0,1145.75,0.35179706678416317,2.0,2.0,4.0,5.0,0.0054,0.005,9.0,5.0,4.0,0.8427079366330408
NATL_W_scan_base_box_detector_rdp_hybrid_v1_pattern_v1_45bf43ee_0_124,NATL,W,base_box_detector_rdp_hybrid_v1_pattern,scan_base_box_detector_rdp_hybrid_v1_pattern_v1,2026-02-24T04:14:13.476230Z,2026-02-24T20:30:25.317Z,corrections,37.18249988555908,21.328749656677246,34.64,25.63,-2.5424998855590815,4.301250343322753,0.8096977102177709,0,1.0,4,125,125,37.18249988555908,21.328749656677246,0.4263766631527405,120.0,40.0,1.177718210124699,3.0,2.0,7.0,8.0,0.1296,0.4752,8.0,4.0,4.0,0.8096977102177709
UEC_W_scan_base_box_detector_rdp_hybrid_v1_pattern_v1_45bf43ee_0_986,UEC,W,base_box_detector_rdp_hybrid_v1_pattern,scan_base_box_detector_rdp_hybrid_v1_pattern_v1,2026-02-24T04:27:47.788405Z,2026-02-24T20:31:26.560Z,corrections,8.782500267028809,3.9024999141693115,3.58,0.47,-5.2025002670288085,-3.4324999141693118,0.8083674068087485,0,0.75,4,987,987,8.782500267028809,3.9024999141693115,0.5556504645015446,90.0,15.970000267028809,2.4728482541580954,2.0,2.0,3.0,4.0,0.0237,0.0037,14.0,7.0,7.0,0.8083674068087485
CPSS_W_scan_base_box_detector_rdp_hybrid_v1_pattern_v1_45bf43ee_0_1740,CPSS,W,base_box_detector_rdp_hybrid_v1_pattern,scan_base_box_detector_rdp_hybrid_v1_pattern_v1,2026-02-24T04:02:24.725986Z,2026-02-24T20:22:14.788Z,corrections,14.380000114440918,5.592499852180481,10.61,7.29,-3.7700001144409185,1.697500147819519,0.8187417964439216,0,1.0,4,1741,1741,14.380000114440918,5.592499852180481,0.6110918075331384,240.0,8.039999961853027,0.27852063005719535,3.0,2.0,6.0,9.0,0.0349,0.0013,29.0,15.0,14.0,0.8187417964439216
M2K=F_W_scan_base_box_detector_rdp_hybrid_v1_pattern_v1_6a4f6c82_0_355,M2K=F,W,base_box_detector_rdp_hybrid_v1_pattern,scan_base_box_detector_rdp_hybrid_v1_pattern_v1,2026-02-24T01:15:53.933592Z,2026-02-23T04:57:35.167Z,corrections,2460.699951171875,1640.699951171875,1996.82,1640.7,-463.87995117187506,4.8828125045474735e-05,0.9430774250008833,0,1.0,4,356,356,2460.699951171875,1640.699951171875,0.3332385159797667,240.0,2643.300048828125,1.2226830459222562,3.0,4.0,9.0,10.0,0.0116,0.0033,13.0,6.0,7.0,0.9430774250008833
ACHR_W_scan_base_box_detector_rdp_hybrid_v1_pattern_v1_6a4f6c82_0_270,ACHR,W,base_box_detector_rdp_hybrid_v1_pattern,scan_base_box_detector_rdp_hybrid_v1_pattern_v1,2026-02-24T01:15:27.111615Z,2026-02-11T00:11:39.145Z,corrections,14.269999980926514,8.333999872207642,5.0852767819864315,1.5591548325264584,-9.184723198940082,-6.774845039681184,0.7323485565763691,0,0.75,4,271,271,14.269999980926514,8.333999872207642,0.41597758350756936,45.0,6.929999828338623,-0.23652291410958795,3.0,2.0,4.0,5.0,0.0087,0.6444,13.0,7.0,6.0,0.7323485565763691
CPER_W_scan_base_box_detector_rdp_hybrid_v1_pattern_v1_6a4f6c82_0_744,CPER,W,base_box_detector_rdp_hybrid_v1_pattern,scan_base_box_detector_rdp_hybrid_v1_pattern_v1,2026-02-24T01:15:33.206815Z,2026-02-05T22:02:27.136Z,corrections,30.875,20.494999885559082,15.959224348143893,13.015577080729345,-14.915775651856107,-7.479422804829737,0.9422771306835775,0,1.0,4,745,745,30.875,20.494999885559082,0.3361943356903941,180.0,36.16999816894531,1.5101154249101383,2.0,2.0,5.0,6.0,0.0004,0.0001,12.0,6.0,6.0,0.9422771306835775
M2K=F_W_scan_base_box_detector_rdp_hybrid_v1_pattern_v1_6a4f6c82_0_355,M2K=F,W,base_box_detector_rdp_hybrid_v1_pattern,scan_base_box_detector_rdp_hybrid_v1_pattern_v1,2026-02-24T01:15:53.933592Z,2026-02-23T05:13:54.922Z,corrections,2460.699951171875,1640.699951171875,2026.58,1640.7,-434.1199511718751,4.8828125045474735e-05,0.9430774250008833,0,1.0,4,356,356,2460.699951171875,1640.699951171875,0.3332385159797667,240.0,2643.300048828125,1.2226830459222562,3.0,4.0,9.0,10.0,0.0116,0.0033,13.0,6.0,7.0,0.9430774250008833
ZT=F_W_scan_base_box_detector_rdp_hybrid_v1_pattern_v1_6a4f6c82_0_1342,ZT=F,W,base_box_detector_rdp_hybrid_v1_pattern,scan_base_box_detector_rdp_hybrid_v1_pattern_v1,2026-02-24T01:16:18.457729Z,2026-02-23T05:38:25.446Z,corrections,108.90234375,101.068359375,104.01,101.07,-4.892343749999995,0.0016406249999931788,1.0,0,1.0,4,1343,1343,108.90234375,101.068359375,0.07193586570536964,360.0,104.3203125,0.4151084517576664,2.0,3.0,4.0,5.0,0.1032,0.0147,14.0,7.0,7.0,1.0
MNQ=F_W_scan_base_box_detector_rdp_hybrid_v1_pattern_v1_6a4f6c82_0_355,MNQ=F,W,base_box_detector_rdp_hybrid_v1_pattern,scan_base_box_detector_rdp_hybrid_v1_pattern_v1,2026-02-24T01:15:56.344327Z,2026-02-23T05:31:45.055Z,corrections,21985.875,16675.875,20012.59,18294.62,-1973.2849999999999,1618.744999999999,0.9672638539159787,0,1.0,4,356,356,21985.875,16675.875,0.24151870234866704,45.0,24838.25,1.5371704331450093,2.0,2.0,3.0,4.0,0.0116,0.0542,12.0,6.0,6.0,0.9672638539159787
ES=F_W_scan_base_box_detector_rdp_hybrid_v1_pattern_v1_6a4f6c82_0_1327,ES=F,W,base_box_detector_rdp_hybrid_v1_pattern,scan_base_box_detector_rdp_hybrid_v1_pattern_v1,2026-02-24T01:15:39.408118Z,2026-02-24T03:19:24.312Z,corrections,4808.25,2174.0,4205.81,3666.84,-602.4399999999996,1492.8400000000001,0.763595561286972,0,0.75,4,1328,1328,4808.25,2174.0,0.5478604481880102,540.0,6859.25,1.778589731422606,2.0,3.0,9.0,10.0,0.1042,0.2057,13.0,6.0,7.0,0.763595561286972
HYG_W_scan_base_box_detector_rdp_hybrid_v1_pattern_v1_6a4f6c82_0_984,HYG,W,base_box_detector_rdp_hybrid_v1_pattern,scan_base_box_detector_rdp_hybrid_v1_pattern_v1,2026-02-24T01:15:46.284299Z,2026-02-23T07:35:34.048Z,corrections,67.9996948717529,59.393906060149746,64.48,59.39,-3.5196948717528898,-0.0039060601497453717,0.9993346674167117,0,1.0,4,985,985,67.9996948717529,59.393906060149746,0.12655628569854063,90.0,81.0,2.510646544186496,2.0,2.0,3.0,4.0,0.0736,0.0128,37.0,18.0,19.0,0.9993346674167117
ES=F_W_scan_base_box_detector_rdp_hybrid_v1_pattern_v1_0fd28b78_0_1326,ES=F,W,base_box_detector_rdp_hybrid_v1_pattern,scan_base_box_detector_rdp_hybrid_v1_pattern_v1,2026-02-23T07:08:57.234233Z,2026-02-23T05:13:28.837Z,corrections,4808.25,2174.0,4186.75,3598.34,-621.5,1424.3400000000001,0.7636511168425276,0,0.75,4,1327,1327,4808.25,2174.0,0.5478604481880102,540.0,6923.25,1.8028850716522729,2.0,3.0,9.0,10.0,0.1042,0.2057,13.0,6.0,7.0,0.7636511168425276
SHAK_W_scan_base_box_detector_rdp_hybrid_v1_pattern_v1_6a4f6c82_0_577,SHAK,W,base_box_detector_rdp_hybrid_v1_pattern,scan_base_box_detector_rdp_hybrid_v1_pattern_v1,2026-02-24T01:16:08.588852Z,2026-02-23T23:09:38.550Z,corrections,142.2699966430664,74.72000122070312,56.63,37.59,-85.63999664306641,-37.13000122070312,0.8683919280991552,0,1.0,4,578,578,142.2699966430664,74.72000122070312,0.4748014129207851,90.0,93.55999755859375,0.27890447986105127,2.0,3.0,5.0,6.0,0.035,0.0031,18.0,9.0,9.0,0.8683919280991552
MAXN_W_scan_base_box_detector_rdp_hybrid_v1_pattern_v1_6a4f6c82_0_286,MAXN,W,base_box_detector_rdp_hybrid_v1_pattern,scan_base_box_detector_rdp_hybrid_v1_pattern_v1,2026-02-24T01:15:55.087837Z,2026-02-23T07:41:40.769Z,corrections,2488.5,972.0,1457.09,972.0,-1031.41,0.0,0.769763912797144,0,0.75,4,287,287,2488.5,972.0,0.6094032549728752,90.0,2.609999895095825,-0.6392284867160595,4.0,3.0,14.0,15.0,0.0156,0.0787,20.0,10.0,10.0,0.769763912797144
CPRX_W_scan_base_box_detector_rdp_hybrid_v1_pattern_v1_6a4f6c82_0_1006,CPRX,W,base_box_detector_rdp_hybrid_v1_pattern,scan_base_box_detector_rdp_hybrid_v1_pattern_v1,2026-02-24T01:15:33.388856Z,2026-02-24T01:26:09.461Z,corrections,26.09499979019165,19.07499933242798,21.65,19.07,-4.444999790191652,-0.004999332427978231,0.9475401449707238,0,1.0,4,1007,1007,26.09499979019165,19.07499933242798,0.2690170727804445,60.0,24.299999237060547,0.7443019321820773,2.0,2.0,2.0,4.0,0.0066,0.0065,9.0,4.0,5.0,0.9475401449707238
LQD_W_scan_base_box_detector_rdp_hybrid_v1_pattern_v1_6a4f6c82_0_1229,LQD,W,base_box_detector_rdp_hybrid_v1_pattern,scan_base_box_detector_rdp_hybrid_v1_pattern_v1,2026-02-24T01:15:53.723245Z,2026-02-23T07:41:01.991Z,corrections,113.1844491287653,85.09612226136865,98.2,91.27,-14.984449128765291,6.173877738631347,0.9497325234866658,0,1.0,4,1230,1230,113.1844491287653,85.09612226136865,0.24816418760356126,360.0,111.58999633789062,0.9432343265441908,2.0,2.0,3.0,4.0,0.0509,0.0051,6.0,3.0,3.0,0.9497325234866658
NG=F_W_scan_base_box_detector_rdp_hybrid_v1_pattern_v1_6a4f6c82_0_1329,NG=F,W,base_box_detector_rdp_hybrid_v1_pattern,scan_base_box_detector_rdp_hybrid_v1_pattern_v1,2026-02-24T01:15:57.547312Z,2026-02-23T07:44:32.883Z,corrections,10.624999761581421,4.380000114440918,4.48,1.54,-6.1449997615814205,-2.840000114440918,0.7034594682616147,0,0.75,4,1330,1330,10.624999761581421,4.380000114440918,0.5877646858611317,240.0,3.0899999141693115,-0.20656529594237516,2.0,4.0,8.0,9.0,0.0238,0.2029,32.0,16.0,16.0,0.7034594682616147
M2K=F_W_scan_base_box_detector_rdp_hybrid_v1_pattern_v1_6a4f6c82_0_355,M2K=F,W,base_box_detector_rdp_hybrid_v1_pattern,scan_base_box_detector_rdp_hybrid_v1_pattern_v1,2026-02-24T01:15:53.933592Z,2026-02-24T01:27:26.765Z,corrections,2460.699951171875,1640.699951171875,1992.86,1640.7,-467.8399511718751,4.8828125045474735e-05,0.9430774250008833,0,1.0,4,356,356,2460.699951171875,1640.699951171875,0.3332385159797667,240.0,2643.300048828125,1.2226830459222562,3.0,4.0,9.0,10.0,0.0116,0.0033,13.0,6.0,7.0,0.9430774250008833
HPP_W_scan_base_box_detector_rdp_hybrid_v1_pattern_v1_45bf43ee_0_818,HPP,W,base_box_detector_rdp_hybrid_v1_pattern,scan_base_box_detector_rdp_hybrid_v1_pattern_v1,2026-02-24T04:07:46.952585Z,2026-02-24T20:24:57.927Z,corrections,191.15443742873683,103.17207958573867,191.15,146.55,-0.004437428736821403,43.37792041426134,0.817132751094962,0,0.75,4,819,819,191.15443742873683,103.17207958573867,0.46026845636684915,360.0,6.050000190734863,-1.10388129820657,3.0,2.0,8.0,9.0,0.0009,0.0067,12.0,6.0,6.0,0.817132751094962
LIVN_W_scan_base_box_detector_rdp_hybrid_v1_pattern_v1_45bf43ee_0_540,LIVN,W,base_box_detector_rdp_hybrid_v1_pattern,scan_base_box_detector_rdp_hybrid_v1_pattern_v1,2026-02-24T04:11:24.528462Z,2026-02-24T20:31:47.553Z,corrections,93.88999938964844,35.11500072479248,59.36,38.8,-34.52999938964844,3.6849992752075167,0.8083433034839336,0,1.0,4,541,541,93.88999938964844,35.11500072479248,0.6259984987425191,540.0,68.3499984741211,0.5654614802943623,4.0,2.0,8.0,11.0,0.0015,0.0588,11.0,5.0,6.0,0.8083433034839336
CGON_W_scan_base_box_detector_rdp_hybrid_v1_pattern_v1_45bf43ee_0_109,CGON,W,base_box_detector_rdp_hybrid_v1_pattern,scan_base_box_detector_rdp_hybrid_v1_pattern_v1,2026-02-24T04:01:37.692973Z,2026-02-24T20:27:24.417Z,corrections,43.239999771118164,19.450000047683716,40.39,25.2,-2.8499997711181635,5.7499999523162835,0.8144788475889033,0,0.75,4,110,110,43.239999771118164,19.450000047683716,0.5501850103922711,90.0,58.310001373291016,1.6334595114487571,2.0,2.0,5.0,7.0,0.0006,0.0102,8.0,4.0,4.0,0.8144788475889033
MES=F_W_scan_base_box_detector_rdp_hybrid_v1_pattern_v1_0fd28b78_0_355,MES=F,W,base_box_detector_rdp_hybrid_v1_pattern,scan_base_box_detector_rdp_hybrid_v1_pattern_v1,2026-02-23T07:09:01.953301Z,2026-02-23T05:30:44.266Z,corrections,4557.75,3536.1875,4205.47,3536.19,-352.27999999999975,0.0025000000000545697,0.9205608884708808,0,0.75,4,356,356,4557.75,3536.1875,0.2241374581756349,90.0,6917.75,3.0,2.0,2.0,3.0,4.0,0.0063,0.0505,13.0,6.0,7.0,0.9205608884708808
NXE_W_scan_base_box_detector_rdp_hybrid_v1_pattern_v1_6a4f6c82_0_653,NXE,W,base_box_detector_rdp_hybrid_v1_pattern,scan_base_box_detector_rdp_hybrid_v1_pattern_v1,2026-02-24T01:15:58.961153Z,2026-02-23T22:53:36.042Z,corrections,8.920000076293945,3.6505000591278076,4.94,3.65,-3.980000076293945,-0.000500059127807706,0.7492887901268881,0,0.75,4,654,654,8.920000076293945,3.6505000591278076,0.5907511179479152,240.0,12.380000114440918,1.6566087915125791,2.0,2.0,5.0,6.0,0.0474,0.2526,10.0,5.0,5.0,0.7492887901268881
BRZE_W_scan_base_box_detector_rdp_hybrid_v1_pattern_v1_6a4f6c82_0_222,BRZE,W,base_box_detector_rdp_hybrid_v1_pattern,scan_base_box_detector_rdp_hybrid_v1_pattern_v1,2026-02-24T01:15:31.296674Z,2026-02-23T07:23:51.412Z,corrections,50.970001220703125,27.09000015258789,35.64,27.09,-15.330001220703124,-1.5258789076710855e-07,0.8202913840086712,0,0.75,4,223,223,50.970001220703125,27.09000015258789,0.4685108984932807,180.0,17.15999984741211,-0.41582913990880827,4.0,3.0,9.0,10.0,0.0309,0.003,12.0,6.0,6.0,0.8202913840086712
IEF_W_scan_base_box_detector_rdp_hybrid_v1_pattern_v1_6a4f6c82_0_1229,IEF,W,base_box_detector_rdp_hybrid_v1_pattern,scan_base_box_detector_rdp_hybrid_v1_pattern_v1,2026-02-24T01:15:46.716179Z,2026-02-24T01:20:57.177Z,corrections,99.6451287287812,78.42760738133293,89.7,82.91,-9.9451287287812,4.482392618667063,0.9612246673997951,0,1.0,4,1230,1230,99.6451287287812,78.42760738133293,0.21293084386693018,720.0,97.08999633789062,0.8795744163962926,2.0,3.0,5.0,6.0,0.0397,0.0234,6.0,3.0,3.0,0.9612246673997951
OPBK_W_scan_base_box_detector_rdp_hybrid_v1_pattern_v1_45bf43ee_0_1072,OPBK,W,base_box_detector_rdp_hybrid_v1_pattern,scan_base_box_detector_rdp_hybrid_v1_pattern_v1,2026-02-24T04:16:31.537269Z,2026-02-24T20:28:03.545Z,corrections,11.23855065509382,4.394350983537215,2.67,0.25,-8.56855065509382,-4.144350983537215,0.8144202789239241,0,1.0,4,1073,1073,11.23855065509382,4.394350983537215,0.6089930883084558,540.0,13.390000343322754,1.3143464234642386,2.0,2.0,7.0,8.0,0.0276,0.1246,13.0,7.0,6.0,0.8144202789239241
CALX_W_scan_base_box_detector_rdp_hybrid_v1_pattern_v1_6a4f6c82_0_830,CALX,W,base_box_detector_rdp_hybrid_v1_pattern,scan_base_box_detector_rdp_hybrid_v1_pattern_v1,2026-02-24T01:15:31.923942Z,2026-02-10T17:16:05.763Z,corrections,78.31750106811523,31.619999885559082,12.865363762490043,4.250002842377837,-65.45213730562519,-27.369997043181243,0.8203505303681261,0,1.0,4,831,831,78.31750106811523,31.619999885559082,0.5962588252393528,180.0,55.61000061035156,0.5137320010123785,2.0,2.0,5.0,7.0,0.0094,0.0157,10.0,5.0,5.0,0.8203505303681261
GPCR_W_scan_base_box_detector_rdp_hybrid_v1_pattern_v1_6a4f6c82_0_159,GPCR,W,base_box_detector_rdp_hybrid_v1_pattern,scan_base_box_detector_rdp_hybrid_v1_pattern_v1,2026-02-24T01:15:44.970338Z,2026-02-23T07:33:06.267Z,corrections,65.809250831604,26.09000015258789,28.52,14.14,-37.28925083160401,-11.95000015258789,0.8400134303947409,0,1.0,4,160,160,65.809250831604,26.09000015258789,0.6035511752086605,60.0,66.55000305175781,1.0186497027887071,2.0,2.0,6.0,7.0,0.0179,0.0,9.0,5.0,4.0,0.8400134303947409
MYM=F_W_scan_base_box_detector_rdp_hybrid_v1_pattern_v1_6a4f6c82_0_355,MYM=F,W,base_box_detector_rdp_hybrid_v1_pattern,scan_base_box_detector_rdp_hybrid_v1_pattern_v1,2026-02-24T01:15:56.646810Z,2026-02-23T07:43:50.365Z,corrections,36185.25,28913.5,34593.89,29622.06,-1591.3600000000006,708.5600000000013,0.9383649305103862,0,0.75,4,356,356,36185.25,28913.5,0.20095895427004096,90.0,49381.0,2.8146594698662635,2.0,2.0,3.0,4.0,0.0,0.0009,8.0,4.0,4.0,0.9383649305103862
RTY=F_W_scan_base_box_detector_rdp_hybrid_v1_pattern_v1_6a4f6c82_0_449,RTY=F,W,base_box_detector_rdp_hybrid_v1_pattern,scan_base_box_detector_rdp_hybrid_v1_pattern_v1,2026-02-24T01:16:06.033384Z,2026-02-24T01:27:11.586Z,corrections,2460.800048828125,1641.0,1992.86,1641.0,-467.9400488281251,0.0,0.9431021602926646,0,1.0,4,450,450,2460.800048828125,1641.0,0.3331437063399474,240.0,2643.699951171875,1.2231030634911513,3.0,4.0,9.0,10.0,0.0116,0.0034,14.0,7.0,7.0,0.9431021602926646
ACHR_W_scan_base_box_detector_rdp_hybrid_v1_pattern_v1_6a4f6c82_0_270,ACHR,W,base_box_detector_rdp_hybrid_v1_pattern,scan_base_box_detector_rdp_hybrid_v1_pattern_v1,2026-02-24T01:15:27.111615Z,2026-02-23T07:16:30.619Z,corrections,14.269999980926514,8.333999872207642,5.21,2.52,-9.059999980926513,-5.813999872207642,0.7323485565763691,0,0.75,4,271,271,14.269999980926514,8.333999872207642,0.41597758350756936,45.0,6.929999828338623,-0.23652291410958795,3.0,2.0,4.0,5.0,0.0087,0.6444,13.0,7.0,6.0,0.7323485565763691
MGTX_W_scan_base_box_detector_rdp_hybrid_v1_pattern_v1_45bf43ee_0_403,MGTX,W,base_box_detector_rdp_hybrid_v1_pattern,scan_base_box_detector_rdp_hybrid_v1_pattern_v1,2026-02-24T04:12:57.777879Z,2026-02-24T20:23:48.726Z,corrections,22.527499675750732,11.350000381469727,16.4,11.35,-6.127499675750734,-3.8146972691777137e-07,0.8173844869919089,0,0.75,4,404,404,22.527499675750732,11.350000381469727,0.49617132194713987,120.0,7.539999961853027,-0.34086340059677706,2.0,3.0,7.0,9.0,0.0222,0.0227,17.0,8.0,9.0,0.8173844869919089
ANET_W_scan_base_box_detector_rdp_hybrid_v1_pattern_v1_6a4f6c82_0_611,ANET,W,base_box_detector_rdp_hybrid_v1_pattern,scan_base_box_detector_rdp_hybrid_v1_pattern_v1,2026-02-24T01:15:29.250596Z,2026-02-23T07:21:57.488Z,corrections,133.5749969482422,59.43000030517578,88.05,59.43,-45.52499694824219,-3.051757815342171e-07,0.7492556618144541,0,1.0,4,612,612,133.5749969482422,59.43000030517578,0.5550814024857976,540.0,132.7899932861328,0.9894125875291575,2.0,3.0,9.0,10.0,0.1281,0.5477,10.0,5.0,5.0,0.7492556618144541
IEF_W_scan_base_box_detector_rdp_hybrid_v1_pattern_v1_6a4f6c82_0_1229,IEF,W,base_box_detector_rdp_hybrid_v1_pattern,scan_base_box_detector_rdp_hybrid_v1_pattern_v1,2026-02-24T01:15:46.716179Z,2026-02-23T07:39:47.047Z,corrections,99.6451287287812,78.42760738133293,90.86,82.53,-8.785128728781203,4.102392618667068,0.9612246673997951,0,1.0,4,1230,1230,99.6451287287812,78.42760738133293,0.21293084386693018,720.0,97.08999633789062,0.8795744163962926,2.0,3.0,5.0,6.0,0.0397,0.0234,6.0,3.0,3.0,0.9612246673997951
DNN_W_scan_base_box_detector_rdp_hybrid_v1_pattern_v1_6a4f6c82_0_1097,DNN,W,base_box_detector_rdp_hybrid_v1_pattern,scan_base_box_detector_rdp_hybrid_v1_pattern_v1,2026-02-24T01:15:37.182218Z,2026-02-23T07:28:29.430Z,corrections,5.524857878684998,3.027913272380829,1.8,0.27,-3.7248578786849977,-2.757913272380829,0.8405718544588201,0,1.0,4,1098,1098,5.524857878684998,3.027913272380829,0.4519473009319256,60.0,4.059999942779541,0.41333983452934764,2.0,2.0,3.0,4.0,0.0128,0.0195,35.0,17.0,18.0,0.8405718544588201
GENI_W_scan_base_box_detector_rdp_hybrid_v1_pattern_v1_6a4f6c82_0_280,GENI,W,base_box_detector_rdp_hybrid_v1_pattern,scan_base_box_detector_rdp_hybrid_v1_pattern_v1,2026-02-24T01:15:43.675794Z,2026-02-23T07:32:16.547Z,corrections,24.65999984741211,13.772500038146973,21.75,13.77,-2.9099998474121094,-0.0025000381469730826,0.8224363916400171,0,0.75,4,281,281,24.65999984741211,13.772500038146973,0.4415044556623427,45.0,6.110000133514404,-0.7037887521349823,2.0,2.0,4.0,5.0,0.0012,0.0113,9.0,5.0,4.0,0.8224363916400171
LQD_W_scan_base_box_detector_rdp_hybrid_v1_pattern_v1_6a4f6c82_0_1229,LQD,W,base_box_detector_rdp_hybrid_v1_pattern,scan_base_box_detector_rdp_hybrid_v1_pattern_v1,2026-02-24T01:15:53.723245Z,2026-02-24T01:23:28.305Z,corrections,113.1844491287653,85.09612226136865,97.55,91.72,-15.634449128765297,6.62387773863135,0.9497325234866658,0,1.0,4,1230,1230,113.1844491287653,85.09612226136865,0.24816418760356126,360.0,111.58999633789062,0.9432343265441908,2.0,2.0,3.0,4.0,0.0509,0.0051,6.0,3.0,3.0,0.9497325234866658
TALO_W_scan_base_box_detector_rdp_hybrid_v1_pattern_v1_45bf43ee_0_407,TALO,W,base_box_detector_rdp_hybrid_v1_pattern,scan_base_box_detector_rdp_hybrid_v1_pattern_v1,2026-02-24T04:24:59.799518Z,2026-02-24T20:25:47.588Z,corrections,22.6299991607666,8.704999923706055,12.5,8.48,-10.129999160766602,-0.22499992370605426,0.8169953864897659,0,1.0,4,408,408,22.6299991607666,8.704999923706055,0.6153336170335426,180.0,13.140000343322754,0.31849196858935636,2.0,2.0,8.0,9.0,0.0005,0.0067,17.0,8.0,9.0,0.8169953864897659
ADPT_W_scan_base_box_detector_rdp_hybrid_v1_pattern_v1_6a4f6c82_0_347,ADPT,W,base_box_detector_rdp_hybrid_v1_pattern,scan_base_box_detector_rdp_hybrid_v1_pattern_v1,2026-02-24T01:15:27.488717Z,2026-02-23T06:46:09.825Z,corrections,54.20000076293945,29.735000610351562,14.71,4.93,-39.49000076293945,-24.805000610351563,0.8205217138362414,0,0.75,4,348,348,54.20000076293945,29.735000610351562,0.4513837602990666,90.0,15.199999809265137,-0.5941140695046725,2.0,3.0,7.0,10.0,0.0012,0.0017,18.0,9.0,9.0,0.8205217138362414
ACLX_W_scan_base_box_detector_rdp_hybrid_v1_pattern_v1_6a4f6c82_0_211,ACLX,W,base_box_detector_rdp_hybrid_v1_pattern,scan_base_box_detector_rdp_hybrid_v1_pattern_v1,2026-02-24T01:15:27.278198Z,2026-02-23T06:42:02.842Z,corrections,100.72000122070312,47.86500072479248,56.55,47.87,-44.17000122070313,0.004999275207516973,0.8115584574944235,0,1.0,4,212,212,100.72000122070312,47.86500072479248,0.5247716427255784,120.0,64.11000061035156,0.3073502929361612,2.0,2.0,4.0,5.0,0.044,0.2176,7.0,4.0,3.0,0.8115584574944235
HCC_W_scan_base_box_detector_rdp_hybrid_v1_pattern_v1_6a4f6c82_0_462,HCC,W,base_box_detector_rdp_hybrid_v1_pattern,scan_base_box_detector_rdp_hybrid_v1_pattern_v1,2026-02-24T01:15:45.769502Z,2026-02-24T01:24:15.104Z,corrections,73.33097320573337,50.563262484947614,50.01,42.18,-23.320973205733374,-8.383262484947615,0.9479650558869425,0,1.0,4,463,463,73.33097320573337,50.563262484947614,0.31047877486788444,45.0,85.01000213623047,1.512964569592618,2.0,2.0,3.0,4.0,0.0039,0.017,13.0,7.0,6.0,0.9479650558869425
ARLO_W_scan_base_box_detector_rdp_hybrid_v1_pattern_v1_6a4f6c82_0_394,ARLO,W,base_box_detector_rdp_hybrid_v1_pattern,scan_base_box_detector_rdp_hybrid_v1_pattern_v1,2026-02-24T01:15:29.899218Z,2026-02-23T06:51:48.597Z,corrections,18.789999961853027,7.805000066757202,4.99,2.32,-13.799999961853027,-5.485000066757202,0.762738272749953,0,1.0,4,395,395,18.789999961853027,7.805000066757202,0.5846194740498823,120.0,11.609999656677246,0.34638139519862526,2.0,2.0,5.0,6.0,0.0385,0.375,10.0,5.0,5.0,0.762738272749953
QM=F_W_scan_base_box_detector_rdp_hybrid_v1_pattern_v1_6a4f6c82_0_1229,QM=F,W,base_box_detector_rdp_hybrid_v1_pattern,scan_base_box_detector_rdp_hybrid_v1_pattern_v1,2026-02-24T01:16:03.292736Z,2026-02-23T05:35:35.749Z,corrections,93.16250038146973,64.69999980926514,65.58,41.08,-27.58250038146973,-23.61999980926514,0.930336938655278,0,1.0,4,1230,1230,93.16250038146973,64.69999980926514,0.3055145627871733,90.0,66.0,0.045674138413699134,2.0,2.0,3.0,4.0,0.0179,0.0016,31.0,16.0,15.0,0.930336938655278
HCC_W_scan_base_box_detector_rdp_hybrid_v1_pattern_v1_6a4f6c82_0_462,HCC,W,base_box_detector_rdp_hybrid_v1_pattern,scan_base_box_detector_rdp_hybrid_v1_pattern_v1,2026-02-24T01:15:45.769502Z,2026-02-24T01:25:36.088Z,corrections,73.33097320573337,50.563262484947614,49.41,43.75,-23.920973205733375,-6.813262484947614,0.9479650558869425,0,1.0,4,463,463,73.33097320573337,50.563262484947614,0.31047877486788444,45.0,85.01000213623047,1.512964569592618,2.0,2.0,3.0,4.0,0.0039,0.017,13.0,7.0,6.0,0.9479650558869425
VNDA_W_scan_base_box_detector_rdp_hybrid_v1_pattern_v1_45bf43ee_0_1037,VNDA,W,base_box_detector_rdp_hybrid_v1_pattern,scan_base_box_detector_rdp_hybrid_v1_pattern_v1,2026-02-24T04:29:13.363163Z,2026-02-24T20:24:09.453Z,corrections,19.774999618530273,7.730000019073486,15.63,7.73,-4.144999618530273,-1.907348590179936e-08,0.81733851299453,0,1.0,4,1038,1038,19.774999618530273,7.730000019073486,0.6091023935176187,360.0,8.149999618530273,0.034869208254330576,4.0,3.0,13.0,14.0,0.0005,0.0731,24.0,12.0,12.0,0.81733851299453
GIII_W_scan_base_box_detector_rdp_hybrid_v1_pattern_v1_45bf43ee_0_1889,GIII,W,base_box_detector_rdp_hybrid_v1_pattern,scan_base_box_detector_rdp_hybrid_v1_pattern_v1,2026-02-24T04:06:00.899240Z,2026-02-24T20:25:06.056Z,corrections,52.661805675559904,23.497451769318708,52.66,23.5,-0.0018056755599076268,0.002548230681291841,0.8170550736903759,0,1.0,4,1890,1890,52.661805675559904,23.497451769318708,0.5538046698572707,180.0,30.600000381469727,0.24353526345841892,3.0,2.0,7.0,8.0,0.0124,0.039,19.0,9.0,10.0,0.8170550736903759
ZF=F_W_scan_base_box_detector_rdp_hybrid_v1_pattern_v1_6a4f6c82_0_1326,ZF=F,W,base_box_detector_rdp_hybrid_v1_pattern,scan_base_box_detector_rdp_hybrid_v1_pattern_v1,2026-02-24T01:16:17.653889Z,2026-02-23T05:37:26.798Z,corrections,125.37890625,113.4375,124.69,113.44,-0.6889062500000023,0.0024999999999977263,1.0,0,1.0,4,1327,1327,125.37890625,113.4375,0.09524254603233948,360.0,109.5859375,-0.3225384363755316,2.0,2.0,3.0,4.0,0.0034,0.011,22.0,11.0,11.0,1.0
PALL_W_scan_base_box_detector_rdp_hybrid_v1_pattern_v1_6a4f6c82_0_841,PALL,W,base_box_detector_rdp_hybrid_v1_pattern,scan_base_box_detector_rdp_hybrid_v1_pattern_v1,2026-02-24T01:15:59.831647Z,2026-02-23T22:56:45.944Z,corrections,285.1225051879883,140.28499603271484,110.42,80.69,-174.70250518798827,-59.594996032714846,0.8538605606833962,0,1.0,4,842,842,285.1225051879883,140.28499603271484,0.5079834335061644,240.0,159.60000610351562,0.13335640873314158,3.0,2.0,6.0,7.0,0.003,0.0045,12.0,6.0,6.0,0.8538605606833962
PSNL_W_scan_base_box_detector_rdp_hybrid_v1_pattern_v1_45bf43ee_0_349,PSNL,W,base_box_detector_rdp_hybrid_v1_pattern,scan_base_box_detector_rdp_hybrid_v1_pattern_v1,2026-02-24T04:19:15.478638Z,2026-02-24T20:25:28.089Z,corrections,33.95000076293945,18.899999618530273,5.64,1.73,-28.310000762939453,-17.169999618530273,0.8170160122130734,0,0.75,4,350,350,33.95000076293945,18.899999618530273,0.4432989928188185,60.0,8.289999961853027,-0.7049833122849084,4.0,5.0,15.0,18.0,0.0213,0.0171,42.0,21.0,21.0,0.8170160122130734
ZW=F_W_scan_base_box_detector_rdp_hybrid_v1_pattern_v1_6a4f6c82_0_1335,ZW=F,W,base_box_detector_rdp_hybrid_v1_pattern,scan_base_box_detector_rdp_hybrid_v1_pattern_v1,2026-02-24T01:16:18.679734Z,2026-02-23T05:38:54.731Z,corrections,906.75,416.25,588.92,416.25,-317.83000000000004,0.0,0.8540631976586486,0,1.0,4,1336,1336,906.75,416.25,0.5409429280397022,720.0,576.5,0.32670744138634045,2.0,3.0,8.0,9.0,0.0004,0.0259,20.0,10.0,10.0,0.8540631976586486
APLS_W_scan_base_box_detector_rdp_hybrid_v1_pattern_v1_6a4f6c82_0_432,APLS,W,base_box_detector_rdp_hybrid_v1_pattern,scan_base_box_detector_rdp_hybrid_v1_pattern_v1,2026-02-24T01:15:29.422924Z,2026-02-23T07:22:19.833Z,corrections,65.85499858856201,33.364999771118164,50.92,33.36,-14.93499858856201,-0.004999771118164631,0.8202003328506358,0,0.75,4,433,433,65.85499858856201,33.364999771118164,0.49335660942656,90.0,22.280000686645508,-0.34118188636317004,2.0,3.0,11.0,12.0,0.0347,0.0098,35.0,18.0,17.0,0.8202003328506358
CPER_W_scan_base_box_detector_rdp_hybrid_v1_pattern_v1_6a4f6c82_0_744,CPER,W,base_box_detector_rdp_hybrid_v1_pattern,scan_base_box_detector_rdp_hybrid_v1_pattern_v1,2026-02-24T01:15:33.206815Z,2026-02-23T06:54:27.920Z,corrections,30.875,20.494999885559082,25.94,20.49,-4.934999999999999,-0.0049998855590835944,0.9422771306835775,0,1.0,4,745,745,30.875,20.494999885559082,0.3361943356903941,180.0,36.16999816894531,1.5101154249101383,2.0,2.0,5.0,6.0,0.0004,0.0001,12.0,6.0,6.0,0.9422771306835775
IEF_W_scan_base_box_detector_rdp_hybrid_v1_pattern_v1_6a4f6c82_0_1229,IEF,W,base_box_detector_rdp_hybrid_v1_pattern,scan_base_box_detector_rdp_hybrid_v1_pattern_v1,2026-02-24T01:15:46.716179Z,2026-02-24T01:21:43.865Z,corrections,99.6451287287812,78.42760738133293,91.07,82.46,-8.575128728781209,4.0323926186670604,0.9612246673997951,0,1.0,4,1230,1230,99.6451287287812,78.42760738133293,0.21293084386693018,720.0,97.08999633789062,0.8795744163962926,2.0,3.0,5.0,6.0,0.0397,0.0234,6.0,3.0,3.0,0.9612246673997951
VRNS_W_scan_base_box_detector_rdp_hybrid_v1_pattern_v1_45bf43ee_0_626,VRNS,W,base_box_detector_rdp_hybrid_v1_pattern,scan_base_box_detector_rdp_hybrid_v1_pattern_v1,2026-02-24T04:29:25.241052Z,2026-02-24T20:28:50.183Z,corrections,63.80000114440918,32.11000061035156,30.31,21.96,-33.49000114440918,-10.150000610351562,0.8133454320382076,0,0.75,4,627,627,63.80000114440918,32.11000061035156,0.4967084634109701,240.0,21.079999923706055,-0.34805934050999576,2.0,2.0,8.0,9.0,0.0036,0.0085,14.0,7.0,7.0,0.8133454320382076
OPEN_W_scan_base_box_detector_rdp_hybrid_v1_pattern_v1_6a4f6c82_0_296,OPEN,W,base_box_detector_rdp_hybrid_v1_pattern,scan_base_box_detector_rdp_hybrid_v1_pattern_v1,2026-02-24T01:15:59.261768Z,2026-02-23T22:54:32.731Z,corrections,32.38999938964844,15.350000381469727,4.69,0.9,-27.699999389648436,-14.450000381469726,0.767134420074521,0,0.75,4,297,297,32.38999938964844,15.350000381469727,0.5260882781499695,45.0,5.0,-0.6073944239375849,4.0,2.0,9.0,10.0,0.0412,0.1089,16.0,8.0,8.0,0.767134420074521
NG=F_W_scan_base_box_detector_rdp_hybrid_v1_pattern_v1_6a4f6c82_0_1329,NG=F,W,base_box_detector_rdp_hybrid_v1_pattern,scan_base_box_detector_rdp_hybrid_v1_pattern_v1,2026-02-24T01:15:57.547312Z,2026-02-23T05:33:40.594Z,corrections,10.624999761581421,4.380000114440918,4.84,1.87,-5.784999761581421,-2.510000114440918,0.7034594682616147,0,0.75,4,1330,1330,10.624999761581421,4.380000114440918,0.5877646858611317,240.0,3.0899999141693115,-0.20656529594237516,2.0,4.0,8.0,9.0,0.0238,0.2029,32.0,16.0,16.0,0.7034594682616147
CPER_W_scan_base_box_detector_rdp_hybrid_v1_pattern_v1_6a4f6c82_0_744,CPER,W,base_box_detector_rdp_hybrid_v1_pattern,scan_base_box_detector_rdp_hybrid_v1_pattern_v1,2026-02-24T01:15:33.206815Z,2026-02-23T07:25:47.546Z,corrections,30.875,20.494999885559082,24.81,20.49,-6.065000000000001,-0.0049998855590835944,0.9422771306835775,0,1.0,4,745,745,30.875,20.494999885559082,0.3361943356903941,180.0,36.16999816894531,1.5101154249101383,2.0,2.0,5.0,6.0,0.0004,0.0001,12.0,6.0,6.0,0.9422771306835775
PGEN_W_scan_base_box_detector_rdp_hybrid_v1_pattern_v1_45bf43ee_0_655,PGEN,W,base_box_detector_rdp_hybrid_v1_pattern,scan_base_box_detector_rdp_hybrid_v1_pattern_v1,2026-02-24T04:17:53.916612Z,2026-02-24T20:20:34.819Z,corrections,32.22497510910034,22.623884677886963,1.92,0.53,-30.30497510910034,-22.09388467788696,0.8208906559776195,0,0.75,4,656,656,32.22497510910034,22.623884677886963,0.297939421169701,45.0,4.079999923706055,-1.9314352767571366,2.0,2.0,3.0,4.0,0.0536,0.2,25.0,12.0,13.0,0.8208906559776195
M2K=F_W_scan_base_box_detector_rdp_hybrid_v1_pattern_v1_6a4f6c82_0_355,M2K=F,W,base_box_detector_rdp_hybrid_v1_pattern,scan_base_box_detector_rdp_hybrid_v1_pattern_v1,2026-02-24T01:15:53.933592Z,2026-02-24T01:27:17.735Z,corrections,2460.699951171875,1640.699951171875,1982.48,1640.7,-478.219951171875,4.8828125045474735e-05,0.9430774250008833,0,1.0,4,356,356,2460.699951171875,1640.699951171875,0.3332385159797667,240.0,2643.300048828125,1.2226830459222562,3.0,4.0,9.0,10.0,0.0116,0.0033,13.0,6.0,7.0,0.9430774250008833
ZC=F_W_scan_base_box_detector_rdp_hybrid_v1_pattern_v1_6a4f6c82_0_1333,ZC=F,W,base_box_detector_rdp_hybrid_v1_pattern,scan_base_box_detector_rdp_hybrid_v1_pattern_v1,2026-02-24T01:16:17.328778Z,2026-02-23T23:21:13.462Z,corrections,804.375,295.125,448.97,295.13,-355.405,0.0049999999999954525,0.8200334927902793,0,1.0,4,1334,1334,804.375,295.125,0.6331002331002331,720.0,438.5,0.2815414825724104,2.0,3.0,5.0,6.0,0.0014,0.0273,10.0,5.0,5.0,0.8200334927902793
RTY=F_W_scan_base_box_detector_rdp_hybrid_v1_pattern_v1_6a4f6c82_0_449,RTY=F,W,base_box_detector_rdp_hybrid_v1_pattern,scan_base_box_detector_rdp_hybrid_v1_pattern_v1,2026-02-24T01:16:06.033384Z,2026-02-23T22:59:09.179Z,corrections,2460.800048828125,1641.0,2029.67,1641.0,-431.1300488281249,0.0,0.9431021602926646,0,1.0,4,450,450,2460.800048828125,1641.0,0.3331437063399474,240.0,2643.699951171875,1.2231030634911513,3.0,4.0,9.0,10.0,0.0116,0.0034,14.0,7.0,7.0,0.9431021602926646
CPRX_W_scan_base_box_detector_rdp_hybrid_v1_pattern_v1_6a4f6c82_0_1006,CPRX,W,base_box_detector_rdp_hybrid_v1_pattern,scan_base_box_detector_rdp_hybrid_v1_pattern_v1,2026-02-24T01:15:33.388856Z,2026-02-24T01:26:42.902Z,corrections,26.09499979019165,19.07499933242798,21.32,19.07,-4.77499979019165,-0.004999332427978231,0.9475401449707238,0,1.0,4,1007,1007,26.09499979019165,19.07499933242798,0.2690170727804445,60.0,24.299999237060547,0.7443019321820773,2.0,2.0,2.0,4.0,0.0066,0.0065,9.0,4.0,5.0,0.9475401449707238
MYM=F_W_scan_base_box_detector_rdp_hybrid_v1_pattern_v1_6a4f6c82_0_355,MYM=F,W,base_box_detector_rdp_hybrid_v1_pattern,scan_base_box_detector_rdp_hybrid_v1_pattern_v1,2026-02-24T01:15:56.646810Z,2026-02-23T05:32:26.363Z,corrections,36185.25,28913.5,34286.67,29574.26,-1898.5800000000017,660.7599999999984,0.9383649305103862,0,0.75,4,356,356,36185.25,28913.5,0.20095895427004096,90.0,49381.0,2.8146594698662635,2.0,2.0,3.0,4.0,0.0,0.0009,8.0,4.0,4.0,0.9383649305103862
LOVE_W_scan_base_box_detector_rdp_hybrid_v1_pattern_v1_6a4f6c82_0_399,LOVE,W,base_box_detector_rdp_hybrid_v1_pattern,scan_base_box_detector_rdp_hybrid_v1_pattern_v1,2026-02-24T01:15:53.402941Z,2026-02-23T07:37:57.413Z,corrections,39.57000160217285,16.74500036239624,29.65,16.75,-9.920001602172853,0.004999637603759766,0.7433082754046421,0,0.75,4,400,400,39.57000160217285,16.74500036239624,0.576825886166334,180.0,13.359999656677246,-0.14830232297293505,2.0,2.0,5.0,8.0,0.0492,0.2022,18.0,9.0,9.0,0.7433082754046421
